Time,DeviceID,SensorID,Reading,Count
2017-01-01 0:00,1,1,305,1
2017-01-01 0:00,1,2,301,1
2017-01-01 0:00,1,3,304,1
2017-01-01 0:01,1,1,300,1
2017-01-01 0:01,1,2,305,1
2017-01-01 0:01,1,3,303,1
2017-01-01 0:02,1,1,301,1
2017-01-01 0:02,1,2,303,1
2017-01-01 0:02,1,3,305,1
2017-01-01 0:03,1,1,302,1
2017-01-01 0:03,1,2,300,1
2017-01-01 0:03,1,3,302,1
2017-01-01 0:04,1,1,300,1
2017-01-01 0:04,1,2,305,1
2017-01-01 0:04,1,3,301,1
2017-01-01 0:05,1,1,301,1
2017-01-01 0:05,1,2,301,1
2017-01-01 0:05,1,3,300,1
2017-01-01 0:06,1,3,301,1
2017-01-01 0:07,1,2,302,2
2017-01-01 0:07,1,3,305,1
2017-01-01 0:08,1,1,303,3
2017-01-01 0:08,1,2,301,1
2017-01-01 0:08,1,3,303,1
2017-01-01 0:09,1,1,304,1
2017-01-01 0:09,1,2,302,1
2017-01-01 0:09,1,3,301,1
2017-01-01 0:10,1,2,304,1
2017-01-01 0:11,1,2,300,1
2017-01-01 0:11,1,3,300,2
2017-01-01 0:12,1,2,304,1
2017-01-01 0:12,1,3,301,1
2017-01-01 0:13,1,3,305,1
2017-01-01 0:14,1,1,305,5
2017-01-01 0:14,1,2,305,2
2017-01-01 0:14,1,3,303,1
2017-01-01 0:15,1,1,301,1
2017-01-01 0:15,1,2,304,1
2017-01-01 0:16,1,1,303,1
2017-01-01 0:16,1,3,305,2
2017-01-01 0:17,1,2,300,2
2017-01-01 0:17,1,3,304,1
2017-01-01 0:18,1,1,300,2
2017-01-01 0:18,1,2,305,1
2017-01-01 0:19,1,1,304,1
2017-01-01 0:19,1,2,303,1
2017-01-01 0:19,1,3,302,2
2017-01-01 0:20,1,1,303,1
2017-01-01 0:20,1,2,300,1
2017-01-01 0:20,1,3,301,1
2017-01-01 0:21,1,1,304,1
2017-01-01 0:21,1,2,303,1
2017-01-01 0:21,1,3,303,1
2017-01-01 0:22,1,3,302,1
2017-01-01 0:23,1,3,303,1
2017-01-01 0:24,1,2,302,3
2017-01-01 0:24,1,3,301,1
2017-01-01 0:25,1,1,302,4
2017-01-01 0:26,1,1,305,1
2017-01-01 0:26,1,2,303,2
2017-01-01 0:26,1,3,302,2
2017-01-01 0:27,1,1,300,1
2017-01-01 0:27,1,3,300,1
2017-01-01 0:28,1,1,304,1
2017-01-01 0:28,1,2,302,2
2017-01-01 0:28,1,3,302,1
2017-01-01 0:29,1,1,303,1
2017-01-01 0:29,1,2,304,1
2017-01-01 0:29,1,3,303,1
2017-01-01 0:30,1,2,303,1
2017-01-01 0:30,1,3,301,1
2017-01-01 0:31,1,1,301,2
2017-01-01 0:31,1,2,302,1
2017-01-01 0:31,1,3,300,1
2017-01-01 0:32,1,1,305,1
2017-01-01 0:32,1,3,301,1
2017-01-01 0:33,1,1,302,1
2017-01-01 0:33,1,2,305,2
2017-01-01 0:33,1,3,302,1
2017-01-01 0:34,1,1,300,1
2017-01-01 0:34,1,2,303,1
2017-01-01 0:34,1,3,301,1
2017-01-01 0:35,1,1,305,1
2017-01-01 0:36,1,1,304,1
2017-01-01 0:36,1,2,305,2
2017-01-01 0:36,1,3,304,2
2017-01-01 0:37,1,1,305,1
2017-01-01 0:37,1,2,304,1
2017-01-01 0:37,1,3,300,1
2017-01-01 0:38,1,1,304,1
2017-01-01 0:38,1,2,303,1
2017-01-01 0:38,1,3,304,1
2017-01-01 0:39,1,2,304,1
2017-01-01 0:39,1,3,305,1
2017-01-01 0:40,1,1,302,2
2017-01-01 0:40,1,3,300,1
2017-01-01 0:41,1,2,303,2
2017-01-01 0:41,1,3,305,1
2017-01-01 0:42,1,1,304,2
2017-01-01 0:42,1,3,300,1
2017-01-01 0:43,1,1,303,1
2017-01-01 0:43,1,2,300,2
2017-01-01 0:43,1,3,305,1
2017-01-01 0:44,1,1,300,1
2017-01-01 0:44,1,2,304,1
2017-01-01 0:44,1,3,303,1
2017-01-01 0:45,1,1,304,1
2017-01-01 0:45,1,3,302,1
2017-01-01 0:46,1,1,302,1
2017-01-01 0:46,1,2,303,2
2017-01-01 0:46,1,3,304,1
2017-01-01 0:47,1,1,304,1
2017-01-01 0:47,1,2,301,1
2017-01-01 0:47,1,3,303,1
2017-01-01 0:48,1,1,303,1
2017-01-01 0:48,1,3,300,1
2017-01-01 0:49,1,1,301,1
2017-01-01 0:49,1,2,300,2
2017-01-01 0:49,1,3,302,1
2017-01-01 0:50,1,1,304,1
2017-01-01 0:50,1,2,304,1
2017-01-01 0:50,1,3,304,1
2017-01-01 0:51,1,1,301,1
2017-01-01 0:51,1,2,303,1
2017-01-01 0:52,1,1,303,1
2017-01-01 0:52,1,2,300,1
2017-01-01 0:52,1,3,305,2
2017-01-01 0:53,1,2,304,1
2017-01-01 0:53,1,3,301,1
2017-01-01 0:54,1,1,304,2
2017-01-01 0:54,1,2,302,1
2017-01-01 0:54,1,3,305,1
2017-01-01 0:55,1,2,300,1
2017-01-01 0:55,1,3,302,1
2017-01-01 0:56,1,1,300,2
2017-01-01 0:56,1,2,303,1
2017-01-01 0:56,1,3,304,1
2017-01-01 0:57,1,1,301,1
2017-01-01 0:57,1,2,302,1
2017-01-01 0:57,1,3,305,1
2017-01-01 0:58,1,1,300,1
2017-01-01 0:58,1,2,303,1
2017-01-01 0:58,1,3,304,1
2017-01-01 0:59,1,1,301,1
2017-01-01 0:59,1,2,305,1
2017-01-01 0:59,1,3,300,1
2017-01-01 1:00,1,1,304,1
2017-01-01 1:00,1,2,303,1
2017-01-01 1:00,1,3,305,1
2017-01-01 1:01,1,1,305,1
2017-01-01 1:01,1,2,301,1
2017-01-01 1:01,1,3,303,1
2017-01-01 1:02,1,1,303,1
2017-01-01 1:02,1,3,304,1
2017-01-01 1:03,1,1,301,1
2017-01-01 1:03,1,2,304,2
2017-01-01 1:03,1,3,301,1
2017-01-01 1:04,1,2,303,1
2017-01-01 1:04,1,3,303,1
2017-01-01 1:05,1,1,304,2
2017-01-01 1:05,1,3,305,1
2017-01-01 1:06,1,1,302,1
2017-01-01 1:06,1,2,301,2
2017-01-01 1:06,1,3,304,1
2017-01-01 1:07,1,1,304,1
2017-01-01 1:07,1,2,305,1
2017-01-01 1:07,1,3,305,1
2017-01-01 1:08,1,1,305,1
2017-01-01 1:08,1,3,301,1
2017-01-01 1:09,1,3,302,1
2017-01-01 1:10,1,1,300,2
2017-01-01 1:10,1,2,301,3
2017-01-01 1:11,1,2,303,1
2017-01-01 1:11,1,3,300,2
2017-01-01 1:12,1,1,304,2
2017-01-01 1:12,1,3,304,1
2017-01-01 1:13,1,1,300,1
2017-01-01 1:13,1,2,301,2
2017-01-01 1:13,1,3,302,1
2017-01-01 1:14,1,1,302,1
2017-01-01 1:14,1,3,305,1
2017-01-01 1:15,1,1,301,1
2017-01-01 1:15,1,2,304,2
2017-01-01 1:15,1,3,304,1
2017-01-01 1:16,1,2,303,1
2017-01-01 1:16,1,3,305,1
2017-01-01 1:17,1,1,303,2
2017-01-01 1:17,1,2,304,1
2017-01-01 1:17,1,3,303,1
2017-01-01 1:18,1,1,304,1
2017-01-01 1:18,1,2,301,1
2017-01-01 1:19,1,2,300,1
2017-01-01 1:20,1,1,303,2
2017-01-01 1:20,1,2,305,1
2017-01-01 1:21,1,1,300,1
2017-01-01 1:21,1,2,301,1
2017-01-01 1:22,1,1,302,1
2017-01-01 1:22,1,2,303,1
2017-01-01 1:22,1,3,300,5
2017-01-01 1:23,1,1,300,1
2017-01-01 1:23,1,2,302,1
2017-01-01 1:23,1,3,303,1
2017-01-01 1:24,1,2,305,1
2017-01-01 1:24,1,3,305,1
2017-01-01 1:25,1,1,301,2
2017-01-01 1:25,1,2,303,1
2017-01-01 1:25,1,3,303,1
2017-01-01 1:26,1,1,304,1
2017-01-01 1:26,1,3,300,1
2017-01-01 1:27,1,1,303,1
2017-01-01 1:27,1,3,302,1
2017-01-01 1:28,1,1,301,1
2017-01-01 1:28,1,2,300,3
2017-01-01 1:28,1,3,304,1
2017-01-01 1:29,1,1,304,1
2017-01-01 1:29,1,3,302,1
2017-01-01 1:30,1,1,300,1
2017-01-01 1:30,1,2,302,2
2017-01-01 1:30,1,3,303,1
2017-01-01 1:31,1,1,301,1
2017-01-01 1:31,1,2,300,1
2017-01-01 1:31,1,3,305,1
2017-01-01 1:32,1,1,304,1
2017-01-01 1:32,1,2,302,1
2017-01-01 1:32,1,3,302,1
2017-01-01 1:33,1,3,304,1
2017-01-01 1:34,1,1,305,2
2017-01-01 1:34,1,2,303,2
2017-01-01 1:34,1,3,302,1
2017-01-01 1:35,1,1,301,1
2017-01-01 1:35,1,3,300,1
2017-01-01 1:36,1,1,300,1
2017-01-01 1:36,1,3,304,1
2017-01-01 1:37,1,1,305,1
2017-01-01 1:37,1,3,300,1
2017-01-01 1:38,1,1,300,1
2017-01-01 1:38,1,2,300,4
2017-01-01 1:38,1,3,305,1
2017-01-01 1:39,1,1,305,1
2017-01-01 1:39,1,2,305,1
2017-01-01 1:40,1,1,300,1
2017-01-01 1:40,1,2,300,1
2017-01-01 1:40,1,3,303,2
2017-01-01 1:41,1,1,305,1
2017-01-01 1:41,1,3,301,1
2017-01-01 1:42,1,2,301,2
2017-01-01 1:42,1,3,302,1
2017-01-01 1:43,1,1,302,2
2017-01-01 1:43,1,2,305,1
2017-01-01 1:43,1,3,303,1
2017-01-01 1:44,1,1,305,1
2017-01-01 1:44,1,2,304,1
2017-01-01 1:44,1,3,305,1
2017-01-01 1:45,1,1,301,1
2017-01-01 1:45,1,2,305,1
2017-01-01 1:45,1,3,304,1
2017-01-01 1:46,1,1,305,1
2017-01-01 1:46,1,2,300,1
2017-01-01 1:46,1,3,300,1
2017-01-01 1:47,1,2,302,1
2017-01-01 1:47,1,3,305,1
2017-01-01 1:48,1,1,304,2
2017-01-01 1:48,1,2,304,1
2017-01-01 1:48,1,3,301,1
2017-01-01 1:49,1,1,303,1
2017-01-01 1:49,1,2,302,1
2017-01-01 1:49,1,3,300,1
2017-01-01 1:50,1,1,302,1
2017-01-01 1:50,1,2,304,1
2017-01-01 1:51,1,1,304,1
2017-01-01 1:51,1,2,303,1
2017-01-01 1:51,1,3,305,2
2017-01-01 1:52,1,2,302,1
2017-01-01 1:52,1,3,303,1
2017-01-01 1:53,1,1,300,2
2017-01-01 1:53,1,2,301,1
2017-01-01 1:53,1,3,305,1
2017-01-01 1:54,1,1,303,1
2017-01-01 1:54,1,2,304,1
2017-01-01 1:54,1,3,302,1
2017-01-01 1:55,1,1,300,1
2017-01-01 1:55,1,2,305,1
2017-01-01 1:55,1,3,301,1
2017-01-01 1:56,1,1,305,1
2017-01-01 1:56,1,2,300,1
2017-01-01 1:56,1,3,304,1
2017-01-01 1:57,1,1,300,1
2017-01-01 1:57,1,2,302,1
2017-01-01 1:57,1,3,303,1
2017-01-01 1:58,1,1,303,1
2017-01-01 1:58,1,2,303,1
2017-01-01 1:58,1,3,301,1
2017-01-01 1:59,1,1,304,1
2017-01-01 1:59,1,2,305,1
2017-01-01 1:59,1,3,300,1
2017-01-01 2:00,1,1,303,1
2017-01-01 2:00,1,2,301,1
2017-01-01 2:00,1,3,302,1
2017-01-01 2:01,1,1,300,1
2017-01-01 2:01,1,2,303,1
2017-01-01 2:01,1,3,300,1
2017-01-01 2:02,1,1,301,1
2017-01-01 2:02,1,2,301,1
2017-01-01 2:02,1,3,305,1
2017-01-01 2:03,1,2,304,1
2017-01-01 2:03,1,3,300,1
2017-01-01 2:04,1,1,304,2
2017-01-01 2:04,1,3,303,1
2017-01-01 2:05,1,1,305,1
2017-01-01 2:05,1,2,303,2
2017-01-01 2:06,1,1,302,1
2017-01-01 2:06,1,2,300,1
2017-01-01 2:06,1,3,301,2
2017-01-01 2:07,1,1,301,1
2017-01-01 2:07,1,2,305,1
2017-01-01 2:07,1,3,304,1
2017-01-01 2:08,1,1,303,1
2017-01-01 2:08,1,2,303,1
2017-01-01 2:08,1,3,300,1
2017-01-01 2:09,1,2,304,1
2017-01-01 2:10,1,1,300,2
2017-01-01 2:10,1,2,301,1
2017-01-01 2:10,1,3,302,2
2017-01-01 2:11,1,2,303,1
2017-01-01 2:11,1,3,305,1
2017-01-01 2:12,1,1,303,2
2017-01-01 2:12,1,2,301,1
2017-01-01 2:13,1,1,302,1
2017-01-01 2:13,1,3,303,2
2017-01-01 2:14,1,1,301,1
2017-01-01 2:14,1,2,302,2
2017-01-01 2:14,1,3,302,1
2017-01-01 2:15,1,1,304,1
2017-01-01 2:15,1,2,305,1
2017-01-01 2:15,1,3,300,1
2017-01-01 2:16,1,1,303,1
2017-01-01 2:16,1,3,304,1
2017-01-01 2:17,1,1,300,1
2017-01-01 2:17,1,2,303,2
2017-01-01 2:17,1,3,300,1
2017-01-01 2:18,1,1,304,1
2017-01-01 2:18,1,2,300,1
2017-01-01 2:18,1,3,305,1
2017-01-01 2:19,1,1,300,1
2017-01-01 2:19,1,2,303,1
2017-01-01 2:19,1,3,302,1
2017-01-01 2:20,1,3,305,1
2017-01-01 2:21,1,1,302,2
2017-01-01 2:21,1,2,304,2
2017-01-01 2:22,1,1,304,1
2017-01-01 2:22,1,2,301,1
2017-01-01 2:22,1,3,300,2
2017-01-01 2:23,1,1,302,1
2017-01-01 2:23,1,2,304,1
2017-01-01 2:24,1,1,300,1
2017-01-01 2:24,1,2,302,1
2017-01-01 2:24,1,3,302,2
2017-01-01 2:25,1,1,305,1
2017-01-01 2:25,1,2,303,1
2017-01-01 2:25,1,3,304,1
2017-01-01 2:26,1,2,302,1
2017-01-01 2:26,1,3,300,1
2017-01-01 2:27,1,1,302,2
2017-01-01 2:27,1,2,300,1
2017-01-01 2:27,1,3,303,1
2017-01-01 2:28,1,1,304,1
2017-01-01 2:28,1,3,304,1
2017-01-01 2:29,1,1,301,1
2017-01-01 2:29,1,2,303,2
2017-01-01 2:30,1,1,302,1
2017-01-01 2:30,1,2,304,1
2017-01-01 2:30,1,3,301,2
2017-01-01 2:31,1,1,304,1
2017-01-01 2:31,1,2,301,1
2017-01-01 2:31,1,3,305,1
2017-01-01 2:32,1,1,300,1
2017-01-01 2:33,1,1,301,1
2017-01-01 2:33,1,2,304,2
2017-01-01 2:34,1,1,300,1
2017-01-01 2:34,1,2,303,1
2017-01-01 2:34,1,3,304,3
2017-01-01 2:35,1,1,303,1
2017-01-01 2:35,1,2,302,1
2017-01-01 2:35,1,3,303,1
2017-01-01 2:36,1,2,304,1
2017-01-01 2:36,1,3,300,1
2017-01-01 2:37,1,1,302,2
2017-01-01 2:37,1,2,300,1
2017-01-01 2:37,1,3,303,1
2017-01-01 2:38,1,1,301,1
2017-01-01 2:38,1,2,302,1
2017-01-01 2:38,1,3,305,1
2017-01-01 2:39,1,1,303,1
2017-01-01 2:39,1,2,305,1
2017-01-01 2:39,1,3,302,1
2017-01-01 2:40,1,2,303,1
2017-01-01 2:40,1,3,301,1
2017-01-01 2:41,1,1,302,2
2017-01-01 2:41,1,2,304,1
2017-01-01 2:41,1,3,302,1
2017-01-01 2:42,1,1,301,1
2017-01-01 2:42,1,2,305,1
2017-01-01 2:42,1,3,300,1
2017-01-01 2:43,1,1,304,1
2017-01-01 2:43,1,2,302,1
2017-01-01 2:43,1,3,304,1
2017-01-01 2:44,1,1,301,1
2017-01-01 2:44,1,2,301,1
2017-01-01 2:44,1,3,305,1
2017-01-01 2:45,1,1,300,1
2017-01-01 2:45,1,2,305,1
2017-01-01 2:46,1,1,303,1
2017-01-01 2:46,1,3,302,2
2017-01-01 2:47,1,2,303,2
2017-01-01 2:47,1,3,304,1
2017-01-01 2:48,1,2,305,1
2017-01-01 2:48,1,3,305,1
2017-01-01 2:49,1,1,300,3
2017-01-01 2:49,1,2,304,1
2017-01-01 2:50,1,1,302,1
2017-01-01 2:50,1,2,305,1
2017-01-01 2:50,1,3,303,2
2017-01-01 2:51,1,1,301,1
2017-01-01 2:51,1,3,304,1
2017-01-01 2:52,1,1,305,1
2017-01-01 2:52,1,2,304,2
2017-01-01 2:52,1,3,302,1
2017-01-01 2:53,1,1,303,1
2017-01-01 2:53,1,2,301,1
2017-01-01 2:54,1,1,300,1
2017-01-01 2:54,1,2,304,1
2017-01-01 2:54,1,3,301,2
2017-01-01 2:55,1,1,305,1
2017-01-01 2:55,1,2,302,1
2017-01-01 2:56,1,1,302,1
2017-01-01 2:56,1,3,302,2
2017-01-01 2:57,1,1,303,1
2017-01-01 2:57,1,2,305,2
2017-01-01 2:57,1,3,303,1
2017-01-01 2:58,1,1,300,1
2017-01-01 2:58,1,3,304,1
2017-01-01 2:59,1,1,305,1
2017-01-01 2:59,1,3,302,1
2017-01-01 3:00,1,1,303,1
2017-01-01 3:00,1,2,304,3
2017-01-01 3:01,1,1,301,1
2017-01-01 3:01,1,2,301,1
2017-01-01 3:01,1,3,301,2
2017-01-01 3:02,1,1,303,1
2017-01-01 3:02,1,3,300,1
2017-01-01 3:03,1,1,301,1
2017-01-01 3:03,1,2,304,2
2017-01-01 3:03,1,3,301,1
2017-01-01 3:04,1,1,300,1
2017-01-01 3:04,1,2,302,1
2017-01-01 3:04,1,3,304,1
2017-01-01 3:05,1,1,304,1
2017-01-01 3:05,1,2,300,1
2017-01-01 3:05,1,3,300,1
2017-01-01 3:06,1,1,302,1
2017-01-01 3:06,1,3,304,1
2017-01-01 3:07,1,1,301,1
2017-01-01 3:07,1,2,301,2
2017-01-01 3:07,1,3,305,1
2017-01-01 3:08,1,1,305,1
2017-01-01 3:08,1,2,302,1
2017-01-01 3:09,1,1,302,1
2017-01-01 3:09,1,2,300,1
2017-01-01 3:09,1,3,301,2
2017-01-01 3:10,1,1,301,1
2017-01-01 3:10,1,2,301,1
2017-01-01 3:10,1,3,300,1
2017-01-01 3:11,1,1,300,1
2017-01-01 3:11,1,3,303,1
2017-01-01 3:12,1,1,305,1
2017-01-01 3:12,1,2,303,2
2017-01-01 3:12,1,3,301,1
2017-01-01 3:13,1,1,302,1
2017-01-01 3:13,1,3,302,1
2017-01-01 3:14,1,1,305,1
2017-01-01 3:14,1,2,300,2
2017-01-01 3:14,1,3,300,1
2017-01-01 3:15,1,2,302,1
2017-01-01 3:15,1,3,303,1
2017-01-01 3:16,1,1,301,2
2017-01-01 3:16,1,2,301,1
2017-01-01 3:16,1,3,304,1
2017-01-01 3:17,1,2,303,1
2017-01-01 3:17,1,3,303,1
2017-01-01 3:18,1,2,305,1
2017-01-01 3:18,1,3,305,1
2017-01-01 3:19,1,1,303,3
2017-01-01 3:19,1,2,303,1
2017-01-01 3:19,1,3,302,1
2017-01-01 3:20,1,1,301,1
2017-01-01 3:20,1,2,305,1
2017-01-01 3:20,1,3,305,1
2017-01-01 3:21,1,2,300,1
2017-01-01 3:21,1,3,301,1
2017-01-01 3:22,1,1,300,2
2017-01-01 3:22,1,2,302,1
2017-01-01 3:22,1,3,305,1
2017-01-01 3:23,1,1,303,1
2017-01-01 3:23,1,2,300,1
2017-01-01 3:23,1,3,304,1
2017-01-01 3:24,1,1,301,1
2017-01-01 3:24,1,2,305,1
2017-01-01 3:24,1,3,303,1
2017-01-01 3:25,1,1,302,1
2017-01-01 3:25,1,2,302,1
2017-01-01 3:25,1,3,300,1
2017-01-01 3:26,1,1,300,1
2017-01-01 3:26,1,2,304,1
2017-01-01 3:27,1,1,302,1
2017-01-01 3:27,1,2,305,1
2017-01-01 3:27,1,3,301,2
2017-01-01 3:28,1,1,300,1
2017-01-01 3:28,1,2,301,1
2017-01-01 3:28,1,3,300,1
2017-01-01 3:29,1,1,305,1
2017-01-01 3:29,1,3,304,1
2017-01-01 3:30,1,1,304,1
2017-01-01 3:30,1,2,300,2
2017-01-01 3:30,1,3,305,1
2017-01-01 3:31,1,1,301,1
2017-01-01 3:31,1,2,304,1
2017-01-01 3:32,1,1,302,1
2017-01-01 3:32,1,2,301,1
2017-01-01 3:33,1,1,303,1
2017-01-01 3:33,1,3,304,3
2017-01-01 3:34,1,1,304,1
2017-01-01 3:34,1,2,304,2
2017-01-01 3:34,1,3,303,1
2017-01-01 3:35,1,2,301,1
2017-01-01 3:35,1,3,304,1
2017-01-01 3:36,1,2,304,1
2017-01-01 3:36,1,3,302,1
2017-01-01 3:37,1,1,301,3
2017-01-01 3:37,1,3,303,1
2017-01-01 3:38,1,1,303,1
2017-01-01 3:38,1,2,300,2
2017-01-01 3:38,1,3,305,1
2017-01-01 3:39,1,1,301,1
2017-01-01 3:39,1,3,300,1
2017-01-01 3:40,1,1,304,1
2017-01-01 3:40,1,2,302,2
2017-01-01 3:41,1,1,302,1
2017-01-01 3:41,1,2,301,1
2017-01-01 3:41,1,3,303,2
2017-01-01 3:42,1,1,305,1
2017-01-01 3:42,1,3,302,1
2017-01-01 3:43,1,1,302,1
2017-01-01 3:43,1,2,302,2
2017-01-01 3:43,1,3,305,1
2017-01-01 3:44,1,1,305,1
2017-01-01 3:44,1,2,305,1
2017-01-01 3:44,1,3,303,1
2017-01-01 3:45,1,1,304,1
2017-01-01 3:45,1,2,300,1
2017-01-01 3:45,1,3,305,1
2017-01-01 3:46,1,1,300,1
2017-01-01 3:46,1,3,301,1
2017-01-01 3:47,1,1,301,1
2017-01-01 3:47,1,2,302,2
2017-01-01 3:47,1,3,303,1
2017-01-01 3:48,1,1,304,1
2017-01-01 3:48,1,2,300,1
2017-01-01 3:48,1,3,304,1
2017-01-01 3:49,1,1,300,1
2017-01-01 3:49,1,2,303,1
2017-01-01 3:49,1,3,301,1
2017-01-01 3:50,1,1,304,1
2017-01-01 3:50,1,2,301,1
2017-01-01 3:50,1,3,305,1
2017-01-01 3:51,1,2,302,1
2017-01-01 3:51,1,3,300,1
2017-01-01 3:52,1,1,303,2
2017-01-01 3:52,1,2,304,1
2017-01-01 3:52,1,3,305,1
2017-01-01 3:53,1,1,302,1
2017-01-01 3:53,1,2,302,1
2017-01-01 3:53,1,3,302,1
2017-01-01 3:54,1,2,301,1
2017-01-01 3:54,1,3,305,1
2017-01-01 3:55,1,1,301,2
2017-01-01 3:55,1,3,304,1
2017-01-01 3:56,1,1,302,1
2017-01-01 3:56,1,2,304,2
2017-01-01 3:57,1,1,301,1
2017-01-01 3:57,1,2,301,1
2017-01-01 3:57,1,3,303,2
2017-01-01 3:58,1,1,303,1
2017-01-01 3:58,1,2,304,1
2017-01-01 3:58,1,3,305,1
2017-01-01 3:59,1,1,302,1
2017-01-01 3:59,1,3,302,1
2017-01-01 4:00,1,1,303,1
2017-01-01 4:00,1,2,305,2
2017-01-01 4:00,1,3,301,1
2017-01-01 4:01,1,2,302,1
2017-01-01 4:02,1,1,302,2
2017-01-01 4:02,1,2,300,1
2017-01-01 4:02,1,3,304,2
2017-01-01 4:03,1,1,303,1
2017-01-01 4:03,1,3,302,1
2017-01-01 4:04,1,3,303,1
2017-01-01 4:05,1,1,300,2
2017-01-01 4:05,1,2,302,3
2017-01-01 4:05,1,3,301,1
2017-01-01 4:06,1,1,302,1
2017-01-01 4:06,1,2,304,1
2017-01-01 4:06,1,3,303,1
2017-01-01 4:07,1,1,301,1
2017-01-01 4:07,1,2,303,1
2017-01-01 4:08,1,1,304,1
2017-01-01 4:08,1,2,300,1
2017-01-01 4:08,1,3,304,2
2017-01-01 4:09,1,1,301,1
2017-01-01 4:09,1,2,304,1
2017-01-01 4:09,1,3,302,1
2017-01-01 4:10,1,1,305,1
2017-01-01 4:10,1,2,302,1
2017-01-01 4:10,1,3,300,1
2017-01-01 4:11,1,1,301,1
2017-01-01 4:11,1,2,304,1
2017-01-01 4:11,1,3,303,1
2017-01-01 4:12,1,1,303,1
2017-01-01 4:12,1,2,302,1
2017-01-01 4:12,1,3,301,1
2017-01-01 4:13,1,2,305,1
2017-01-01 4:13,1,3,300,1
2017-01-01 4:14,1,1,300,2
2017-01-01 4:14,1,2,300,1
2017-01-01 4:14,1,3,303,1
2017-01-01 4:15,1,2,305,1
2017-01-01 4:15,1,3,304,1
2017-01-01 4:16,1,1,303,2
2017-01-01 4:16,1,2,301,1
2017-01-01 4:17,1,1,305,1
2017-01-01 4:17,1,2,303,1
2017-01-01 4:17,1,3,302,2
2017-01-01 4:18,1,1,301,1
2017-01-01 4:18,1,3,304,1
2017-01-01 4:19,1,1,300,1
2017-01-01 4:19,1,2,301,2
2017-01-01 4:19,1,3,303,1
2017-01-01 4:20,1,1,305,1
2017-01-01 4:20,1,2,304,1
2017-01-01 4:20,1,3,305,1
2017-01-01 4:21,1,2,302,1
2017-01-01 4:21,1,3,300,1
2017-01-01 4:22,1,2,305,1
2017-01-01 4:22,1,3,303,1
2017-01-01 4:23,1,1,302,3
2017-01-01 4:23,1,3,304,1
2017-01-01 4:24,1,1,304,1
2017-01-01 4:24,1,2,304,2
2017-01-01 4:24,1,3,300,1
2017-01-01 4:25,1,1,303,1
2017-01-01 4:25,1,2,300,1
2017-01-01 4:25,1,3,304,1
2017-01-01 4:26,1,1,304,1
2017-01-01 4:26,1,2,301,1
2017-01-01 4:26,1,3,303,1
2017-01-01 4:27,1,1,300,1
2017-01-01 4:27,1,2,304,1
2017-01-01 4:28,1,1,303,1
2017-01-01 4:28,1,2,301,1
2017-01-01 4:28,1,3,304,2
2017-01-01 4:29,1,1,305,1
2017-01-01 4:29,1,3,305,1
2017-01-01 4:30,1,1,304,1
2017-01-01 4:30,1,2,304,2
2017-01-01 4:31,1,1,302,1
2017-01-01 4:31,1,2,300,1
2017-01-01 4:31,1,3,303,2
2017-01-01 4:32,1,1,304,1
2017-01-01 4:32,1,2,303,1
2017-01-01 4:32,1,3,301,1
2017-01-01 4:33,1,1,305,1
2017-01-01 4:33,1,2,305,1
2017-01-01 4:34,1,1,304,1
2017-01-01 4:34,1,2,303,1
2017-01-01 4:34,1,3,300,2
2017-01-01 4:35,1,1,303,1
2017-01-01 4:35,1,2,305,1
2017-01-01 4:36,1,1,305,1
2017-01-01 4:36,1,3,301,2
2017-01-01 4:37,1,2,300,2
2017-01-01 4:37,1,3,303,1
2017-01-01 4:38,1,1,302,2
2017-01-01 4:38,1,2,305,1
2017-01-01 4:38,1,3,302,1
2017-01-01 4:39,1,1,304,1
2017-01-01 4:39,1,3,304,1
2017-01-01 4:40,1,1,303,1
2017-01-01 4:41,1,1,300,1
2017-01-01 4:41,1,2,303,3
2017-01-01 4:41,1,3,303,2
2017-01-01 4:42,1,1,301,1
2017-01-01 4:42,1,2,304,1
2017-01-01 4:42,1,3,305,1
2017-01-01 4:43,1,1,302,1
2017-01-01 4:43,1,2,302,1
2017-01-01 4:44,1,1,305,1
2017-01-01 4:44,1,3,303,2
2017-01-01 4:45,1,1,300,1
2017-01-01 4:45,1,2,304,2
2017-01-01 4:46,1,1,305,1
2017-01-01 4:46,1,2,300,1
2017-01-01 4:46,1,3,305,2
2017-01-01 4:47,1,1,300,1
2017-01-01 4:47,1,2,302,1
2017-01-01 4:47,1,3,302,1
2017-01-01 4:48,1,3,304,1
2017-01-01 4:49,1,2,303,2
2017-01-01 4:49,1,3,303,1
2017-01-01 4:50,1,2,304,1
2017-01-01 4:50,1,3,300,1
2017-01-01 4:51,1,1,301,4
2017-01-01 4:51,1,2,302,1
2017-01-01 4:51,1,3,304,1
2017-01-01 4:52,1,1,304,1
2017-01-01 4:52,1,2,305,1
2017-01-01 4:53,1,1,305,1
2017-01-01 4:53,1,3,301,2
2017-01-01 4:54,1,1,303,1
2017-01-01 4:54,1,2,304,2
2017-01-01 4:54,1,3,303,1
2017-01-01 4:55,1,1,305,1
2017-01-01 4:55,1,2,302,1
2017-01-01 4:55,1,3,302,1
2017-01-01 4:56,1,1,300,1
2017-01-01 4:56,1,2,300,1
2017-01-01 4:57,1,1,301,1
2017-01-01 4:57,1,3,304,2
2017-01-01 4:58,1,1,303,1
2017-01-01 4:58,1,2,304,2
2017-01-01 4:58,1,3,300,1
2017-01-01 4:59,1,1,301,1
2017-01-01 4:59,1,3,301,1
2017-01-01 5:00,1,1,300,1
2017-01-01 5:00,1,2,301,2
2017-01-01 5:00,1,3,300,1
2017-01-01 5:01,1,1,302,1
2017-01-01 5:01,1,2,303,1
2017-01-01 5:01,1,3,303,1
2017-01-01 5:02,1,1,300,1
2017-01-01 5:02,1,2,300,1
2017-01-01 5:02,1,3,304,1
2017-01-01 5:03,1,3,303,1
2017-01-01 5:04,1,1,305,2
2017-01-01 5:04,1,2,303,2
2017-01-01 5:04,1,3,300,1
2017-01-01 5:05,1,1,304,1
2017-01-01 5:05,1,2,305,1
2017-01-01 5:05,1,3,303,1
2017-01-01 5:06,1,1,301,1
2017-01-01 5:06,1,2,303,1
2017-01-01 5:06,1,3,305,1
2017-01-01 5:07,1,1,304,1
2017-01-01 5:07,1,2,305,1
2017-01-01 5:08,1,1,305,1
2017-01-01 5:08,1,2,301,1
2017-01-01 5:08,1,3,303,2
2017-01-01 5:09,1,1,301,1
2017-01-01 5:09,1,2,305,1
2017-01-01 5:09,1,3,302,1
2017-01-01 5:10,1,1,302,1
2017-01-01 5:11,1,2,304,2
2017-01-01 5:11,1,3,300,2
2017-01-01 5:12,1,1,300,2
2017-01-01 5:12,1,2,305,1
2017-01-01 5:12,1,3,302,1
2017-01-01 5:13,1,1,301,1
2017-01-01 5:13,1,2,302,1
2017-01-01 5:13,1,3,301,1
2017-01-01 5:14,1,1,302,1
2017-01-01 5:14,1,2,305,1
2017-01-01 5:14,1,3,300,1
2017-01-01 5:15,1,2,303,1
2017-01-01 5:16,1,1,300,2
2017-01-01 5:16,1,2,305,1
2017-01-01 5:17,1,1,304,1
2017-01-01 5:17,1,2,303,1
2017-01-01 5:17,1,3,303,3
2017-01-01 5:18,1,1,302,1
2017-01-01 5:19,1,1,305,1
2017-01-01 5:19,1,3,301,2
2017-01-01 5:20,1,1,303,1
2017-01-01 5:20,1,2,304,3
2017-01-01 5:20,1,3,300,1
2017-01-01 5:21,1,1,302,1
2017-01-01 5:21,1,2,305,1
2017-01-01 5:21,1,3,302,1
2017-01-01 5:22,1,1,303,1
2017-01-01 5:22,1,2,300,1
2017-01-01 5:22,1,3,303,1
2017-01-01 5:23,1,1,301,1
2017-01-01 5:23,1,2,305,1
2017-01-01 5:23,1,3,305,1
2017-01-01 5:24,1,1,304,1
2017-01-01 5:24,1,2,300,1
2017-01-01 5:24,1,3,302,1
2017-01-01 5:25,1,2,302,1
2017-01-01 5:25,1,3,305,1
2017-01-01 5:27,1,1,302,3
2017-01-01 5:27,1,2,304,2
2017-01-01 5:27,1,3,300,2
2017-01-01 5:28,1,1,301,1
2017-01-01 5:28,1,2,300,1
2017-01-01 5:28,1,3,303,1
2017-01-01 5:29,1,1,305,1
2017-01-01 5:29,1,3,305,1
2017-01-01 5:30,1,1,300,1
2017-01-01 5:30,1,3,304,1
2017-01-01 5:31,1,1,305,1
2017-01-01 5:31,1,2,301,3
2017-01-01 5:31,1,3,305,1
2017-01-01 5:32,1,1,303,1
2017-01-01 5:32,1,2,303,1
2017-01-01 5:32,1,3,303,1
2017-01-01 5:33,1,1,304,1
2017-01-01 5:34,1,1,302,1
2017-01-01 5:35,1,1,300,1
2017-01-01 5:35,1,2,301,3
2017-01-01 5:35,1,3,302,3
2017-01-01 5:36,1,1,302,1
2017-01-01 5:36,1,2,304,1
2017-01-01 5:36,1,3,304,1
2017-01-01 5:37,1,1,303,1
2017-01-01 5:37,1,2,300,1
2017-01-01 5:37,1,3,303,1
2017-01-01 5:38,1,1,305,1
2017-01-01 5:38,1,2,302,1
2017-01-01 5:38,1,3,300,1
2017-01-01 5:39,1,1,300,1
2017-01-01 5:39,1,2,301,1
2017-01-01 5:39,1,3,302,1
2017-01-01 5:40,1,1,303,1
2017-01-01 5:40,1,2,300,1
2017-01-01 5:40,1,3,304,1
2017-01-01 5:41,1,1,301,1
2017-01-01 5:41,1,2,301,1
2017-01-01 5:41,1,3,303,1
2017-01-01 5:42,1,1,305,1
2017-01-01 5:42,1,3,302,1
2017-01-01 5:43,1,1,303,1
2017-01-01 5:43,1,2,303,2
2017-01-01 5:43,1,3,301,1
2017-01-01 5:44,1,1,305,1
2017-01-01 5:44,1,2,305,1
2017-01-01 5:45,1,1,303,1
2017-01-01 5:45,1,2,301,1
2017-01-01 5:45,1,3,304,2
2017-01-01 5:46,1,1,301,1
2017-01-01 5:46,1,2,303,1
2017-01-01 5:46,1,3,301,1
2017-01-01 5:47,1,1,303,1
2017-01-01 5:47,1,2,302,1
2017-01-01 5:47,1,3,304,1
2017-01-01 5:48,1,1,305,1
2017-01-01 5:48,1,2,303,1
2017-01-01 5:48,1,3,303,1
2017-01-01 5:49,1,2,300,1
2017-01-01 5:49,1,3,302,1
2017-01-01 5:50,1,1,300,2
2017-01-01 5:50,1,2,302,1
2017-01-01 5:50,1,3,304,1
2017-01-01 5:51,1,1,304,1
2017-01-01 5:51,1,3,301,1
2017-01-01 5:52,1,1,301,1
2017-01-01 5:52,1,2,303,2
2017-01-01 5:52,1,3,300,1
2017-01-01 5:53,1,1,302,1
2017-01-01 5:53,1,2,305,1
2017-01-01 5:53,1,3,304,1
2017-01-01 5:54,1,1,301,1
2017-01-01 5:54,1,2,303,1
2017-01-01 5:54,1,3,305,1
2017-01-01 5:55,1,1,303,1
2017-01-01 5:55,1,2,301,1
2017-01-01 5:55,1,3,300,1
2017-01-01 5:56,1,1,302,1
2017-01-01 5:56,1,2,303,1
2017-01-01 5:57,1,1,301,1
2017-01-01 5:57,1,3,305,2
2017-01-01 5:58,1,2,305,2
2017-01-01 5:58,1,3,304,1
2017-01-01 5:59,1,1,304,2
2017-01-01 5:59,1,2,304,1
2017-01-01 5:59,1,3,301,1
2017-01-01 6:00,1,1,303,1
2017-01-01 6:00,1,2,300,1
2017-01-01 6:00,1,3,304,1
2017-01-01 6:01,1,1,301,1
2017-01-01 6:01,1,2,305,1
2017-01-01 6:01,1,3,305,1
2017-01-01 6:02,1,1,300,1
2017-01-01 6:02,1,2,300,1
2017-01-01 6:03,1,1,304,1
2017-01-01 6:03,1,2,305,1
2017-01-01 6:04,1,1,302,1
2017-01-01 6:05,1,1,305,1
2017-01-01 6:05,1,2,300,2
2017-01-01 6:06,1,1,300,1
2017-01-01 6:06,1,2,305,1
2017-01-01 6:06,1,3,302,5
2017-01-01 6:07,1,1,304,1
2017-01-01 6:07,1,2,301,1
2017-01-01 6:07,1,3,301,1
2017-01-01 6:08,1,1,302,1
2017-01-01 6:08,1,2,302,1
2017-01-01 6:09,1,2,303,1
2017-01-01 6:09,1,3,300,2
2017-01-01 6:10,1,2,301,1
2017-01-01 6:10,1,3,302,1
2017-01-01 6:11,1,1,304,3
2017-01-01 6:11,1,2,304,1
2017-01-01 6:11,1,3,300,1
2017-01-01 6:12,1,1,301,1
2017-01-01 6:12,1,2,300,1
2017-01-01 6:12,1,3,301,1
2017-01-01 6:13,1,1,300,1
2017-01-01 6:13,1,2,303,1
2017-01-01 6:14,1,1,302,1
2017-01-01 6:14,1,2,300,1
2017-01-01 6:14,1,3,304,2
2017-01-01 6:15,1,1,300,1
2017-01-01 6:15,1,2,305,1
2017-01-01 6:15,1,3,300,1
2017-01-01 6:16,1,1,305,1
2017-01-01 6:16,1,2,304,1
2017-01-01 6:16,1,3,304,1
2017-01-01 6:17,1,1,303,1
2017-01-01 6:17,1,2,302,1
2017-01-01 6:17,1,3,303,1
2017-01-01 6:18,1,1,305,1
2017-01-01 6:18,1,2,305,1
2017-01-01 6:18,1,3,304,1
2017-01-01 6:19,1,1,301,1
2017-01-01 6:19,1,2,301,1
2017-01-01 6:19,1,3,300,1
2017-01-01 6:20,1,1,303,1
2017-01-01 6:20,1,2,303,1
2017-01-01 6:20,1,3,305,1
2017-01-01 6:21,1,1,301,1
2017-01-01 6:21,1,2,304,1
2017-01-01 6:21,1,3,301,1
2017-01-01 6:22,1,2,300,1
2017-01-01 6:22,1,3,300,1
2017-01-01 6:23,1,2,305,1
2017-01-01 6:23,1,3,303,1
2017-01-01 6:24,1,1,300,3
2017-01-01 6:24,1,2,302,1
2017-01-01 6:24,1,3,301,1
2017-01-01 6:25,1,1,302,1
2017-01-01 6:25,1,2,305,1
2017-01-01 6:25,1,3,302,1
2017-01-01 6:26,1,1,304,1
2017-01-01 6:26,1,2,301,1
2017-01-01 6:26,1,3,301,1
2017-01-01 6:27,1,1,301,1
2017-01-01 6:27,1,2,304,1
2017-01-01 6:27,1,3,304,1
2017-01-01 6:28,1,1,304,1
2017-01-01 6:28,1,2,305,1
2017-01-01 6:29,1,1,305,1
2017-01-01 6:29,1,2,303,1
2017-01-01 6:29,1,3,305,2
2017-01-01 6:30,1,2,302,1
2017-01-01 6:30,1,3,301,1
2017-01-01 6:31,1,1,304,2
2017-01-01 6:31,1,2,300,1
2017-01-01 6:31,1,3,304,1
2017-01-01 6:32,1,1,303,1
2017-01-01 6:32,1,2,301,1
2017-01-01 6:32,1,3,300,1
2017-01-01 6:33,1,1,304,1
2017-01-01 6:33,1,2,300,1
2017-01-01 6:33,1,3,303,1
2017-01-01 6:34,1,1,305,1
2017-01-01 6:34,1,2,304,1
2017-01-01 6:34,1,3,305,1
2017-01-01 6:35,1,1,301,1
2017-01-01 6:35,1,3,304,1
2017-01-01 6:36,1,1,302,1
2017-01-01 6:36,1,2,301,2
2017-01-01 6:36,1,3,303,1
2017-01-01 6:37,1,1,303,1
2017-01-01 6:37,1,2,302,1
2017-01-01 6:37,1,3,302,1
2017-01-01 6:38,1,3,304,1
2017-01-01 6:39,1,1,305,2
2017-01-01 6:39,1,2,305,2
2017-01-01 6:39,1,3,300,1
2017-01-01 6:40,1,1,304,1
2017-01-01 6:40,1,2,300,1
2017-01-01 6:40,1,3,302,1
2017-01-01 6:41,1,1,303,1
2017-01-01 6:41,1,2,303,1
2017-01-01 6:41,1,3,304,1
2017-01-01 6:42,1,1,301,1
2017-01-01 6:42,1,2,302,1
2017-01-01 6:42,1,3,300,1
2017-01-01 6:43,1,1,304,1
2017-01-01 6:43,1,2,305,1
2017-01-01 6:44,1,1,305,1
2017-01-01 6:44,1,2,302,1
2017-01-01 6:44,1,3,301,2
2017-01-01 6:45,1,2,303,1
2017-01-01 6:45,1,3,305,1
2017-01-01 6:46,1,2,304,1
2017-01-01 6:46,1,3,302,1
2017-01-01 6:47,1,1,302,3
2017-01-01 6:47,1,2,303,1
2017-01-01 6:47,1,3,304,1
2017-01-01 6:48,1,1,304,1
2017-01-01 6:48,1,2,301,1
2017-01-01 6:48,1,3,303,1
2017-01-01 6:49,1,1,303,1
2017-01-01 6:49,1,2,303,1
2017-01-01 6:49,1,3,305,1
2017-01-01 6:50,1,1,302,1
2017-01-01 6:50,1,2,305,1
2017-01-01 6:50,1,3,301,1
2017-01-01 6:51,1,1,301,1
2017-01-01 6:51,1,2,302,1
2017-01-01 6:51,1,3,300,1
2017-01-01 6:52,1,1,300,1
2017-01-01 6:52,1,2,305,1
2017-01-01 6:52,1,3,302,1
2017-01-01 6:53,1,1,302,1
2017-01-01 6:53,1,2,301,1
2017-01-01 6:53,1,3,305,1
2017-01-01 6:54,1,1,303,1
2017-01-01 6:55,1,2,305,2
2017-01-01 6:55,1,3,300,2
2017-01-01 6:56,1,1,301,2
2017-01-01 6:56,1,2,301,1
2017-01-01 6:56,1,3,302,1
2017-01-01 6:57,1,2,303,1
2017-01-01 6:57,1,3,303,1
2017-01-01 6:58,1,1,303,2
2017-01-01 6:58,1,2,305,1
2017-01-01 6:58,1,3,304,1
2017-01-01 6:59,1,1,302,1
2017-01-01 6:59,1,2,300,1
2017-01-01 6:59,1,3,301,1
2017-01-01 7:00,1,2,305,1
2017-01-01 7:00,1,3,305,1
2017-01-01 7:01,1,1,301,2
2017-01-01 7:01,1,3,302,1
2017-01-01 7:02,1,1,303,1
2017-01-01 7:02,1,2,300,2
2017-01-01 7:02,1,3,300,1
2017-01-01 7:03,1,1,300,1
2017-01-01 7:03,1,2,301,1
2017-01-01 7:03,1,3,304,1
2017-01-01 7:04,1,1,301,1
2017-01-01 7:04,1,2,300,1
2017-01-01 7:04,1,3,305,1
2017-01-01 7:06,1,2,301,2
2017-01-01 7:06,1,3,301,2
2017-01-01 7:07,1,1,305,3
2017-01-01 7:07,1,2,300,1
2017-01-01 7:08,1,1,304,1
2017-01-01 7:08,1,3,303,2
2017-01-01 7:09,1,1,302,1
2017-01-01 7:09,1,2,301,2
2017-01-01 7:09,1,3,304,1
2017-01-01 7:10,1,1,305,1
2017-01-01 7:10,1,2,304,1
2017-01-01 7:10,1,3,302,1
2017-01-01 7:11,1,1,303,1
2017-01-01 7:11,1,2,303,1
2017-01-01 7:11,1,3,305,1
2017-01-01 7:12,1,1,300,1
2017-01-01 7:12,1,3,300,1
2017-01-01 7:13,1,1,301,1
2017-01-01 7:13,1,2,305,2
2017-01-01 7:13,1,3,305,1
2017-01-01 7:14,1,1,304,1
2017-01-01 7:14,1,2,301,1
2017-01-01 7:14,1,3,301,1
2017-01-01 7:15,1,1,300,1
2017-01-01 7:15,1,2,303,1
2017-01-01 7:15,1,3,303,1
2017-01-01 7:16,1,2,305,1
2017-01-01 7:16,1,3,301,1
2017-01-01 7:17,1,1,303,2
2017-01-01 7:17,1,2,304,1
2017-01-01 7:18,1,1,300,1
2017-01-01 7:18,1,2,303,1
2017-01-01 7:18,1,3,303,2
2017-01-01 7:19,1,1,301,1
2017-01-01 7:19,1,2,300,1
2017-01-01 7:19,1,3,301,1
2017-01-01 7:20,1,1,304,1
2017-01-01 7:20,1,2,302,1
2017-01-01 7:20,1,3,300,1
2017-01-01 7:21,1,1,301,1
2017-01-01 7:21,1,3,303,1
2017-01-01 7:22,1,1,302,1
2017-01-01 7:22,1,3,300,1
2017-01-01 7:23,1,1,305,1
2017-01-01 7:23,1,2,305,3
2017-01-01 7:24,1,2,302,1
2017-01-01 7:24,1,3,304,2
2017-01-01 7:25,1,1,300,2
2017-01-01 7:25,1,3,301,1
2017-01-01 7:26,1,1,305,1
2017-01-01 7:26,1,2,304,2
2017-01-01 7:27,1,1,303,1
2017-01-01 7:27,1,3,303,2
2017-01-01 7:28,1,2,303,2
2017-01-01 7:29,1,1,304,2
2017-01-01 7:29,1,2,304,1
2017-01-01 7:29,1,3,301,2
2017-01-01 7:30,1,1,303,1
2017-01-01 7:30,1,2,300,1
2017-01-01 7:30,1,3,300,1
2017-01-01 7:31,1,1,302,1
2017-01-01 7:31,1,2,305,1
2017-01-01 7:31,1,3,302,1
2017-01-01 7:32,1,1,301,1
2017-01-01 7:32,1,2,302,1
2017-01-01 7:32,1,3,304,1
2017-01-01 7:33,1,2,303,1
2017-01-01 7:33,1,3,300,1
2017-01-01 7:34,1,1,303,2
2017-01-01 7:34,1,2,301,1
2017-01-01 7:34,1,3,305,1
2017-01-01 7:35,1,1,305,1
2017-01-01 7:35,1,2,305,1
2017-01-01 7:35,1,3,304,1
2017-01-01 7:36,1,1,304,1
2017-01-01 7:36,1,2,301,1
2017-01-01 7:36,1,3,301,1
2017-01-01 7:37,1,1,301,1
2017-01-01 7:37,1,2,303,1
2017-01-01 7:37,1,3,303,1
2017-01-01 7:38,1,1,300,1
2017-01-01 7:38,1,2,301,1
2017-01-01 7:38,1,3,300,1
2017-01-01 7:39,1,1,305,1
2017-01-01 7:39,1,3,303,1
2017-01-01 7:40,1,1,304,1
2017-01-01 7:40,1,2,302,2
2017-01-01 7:40,1,3,302,1
2017-01-01 7:41,1,1,305,1
2017-01-01 7:41,1,2,303,1
2017-01-01 7:41,1,3,301,1
2017-01-01 7:42,1,1,300,1
2017-01-01 7:43,1,3,304,2
2017-01-01 7:44,1,2,302,3
2017-01-01 7:44,1,3,303,1
2017-01-01 7:45,1,1,303,3
2017-01-01 7:45,1,2,304,1
2017-01-01 7:45,1,3,304,1
2017-01-01 7:46,1,2,305,1
2017-01-01 7:46,1,3,303,1
2017-01-01 7:47,1,1,300,2
2017-01-01 7:47,1,3,304,1
2017-01-01 7:48,1,1,305,1
2017-01-01 7:48,1,2,304,2
2017-01-01 7:48,1,3,305,1
2017-01-01 7:49,1,2,301,1
2017-01-01 7:50,1,2,300,1
2017-01-01 7:50,1,3,301,2
2017-01-01 7:51,1,1,300,3
2017-01-01 7:51,1,2,305,1
2017-01-01 7:51,1,3,302,1
2017-01-01 7:52,1,1,303,1
2017-01-01 7:52,1,2,301,1
2017-01-01 7:53,1,1,305,1
2017-01-01 7:53,1,3,304,2
2017-01-01 7:54,1,1,300,1
2017-01-01 7:54,1,2,303,2
2017-01-01 7:54,1,3,301,1
2017-01-01 7:55,1,1,302,1
2017-01-01 7:55,1,3,304,1
2017-01-01 7:56,1,1,304,1
2017-01-01 7:56,1,2,305,2
2017-01-01 7:56,1,3,300,1
2017-01-01 7:57,1,1,303,1
2017-01-01 7:57,1,3,305,1
2017-01-01 7:58,1,1,301,1
2017-01-01 7:58,1,3,300,1
2017-01-01 7:59,1,2,302,3
2017-01-01 8:00,1,1,302,2
2017-01-01 8:00,1,2,300,1
2017-01-01 8:01,1,1,301,1
2017-01-01 8:01,1,2,305,1
2017-01-01 8:01,1,3,304,3
2017-01-01 8:02,1,1,303,1
2017-01-01 8:02,1,2,304,1
2017-01-01 8:03,1,1,301,1
2017-01-01 8:03,1,2,302,1
2017-01-01 8:03,1,3,305,2
2017-01-01 8:04,1,1,300,1
2017-01-01 8:04,1,2,300,1
2017-01-01 8:04,1,3,300,1
2017-01-01 8:05,1,1,301,1
2017-01-01 8:05,1,2,304,1
2017-01-01 8:06,1,1,300,1
2017-01-01 8:06,1,2,305,1
2017-01-01 8:06,1,3,303,2
2017-01-01 8:07,1,1,303,1
2017-01-01 8:08,1,1,302,1
2017-01-01 8:08,1,2,301,2
2017-01-01 8:08,1,3,304,2
2017-01-01 8:09,1,1,305,1
2017-01-01 8:09,1,2,303,1
2017-01-01 8:09,1,3,303,1
2017-01-01 8:10,1,1,300,1
2017-01-01 8:10,1,2,305,1
2017-01-01 8:10,1,3,304,1
2017-01-01 8:11,1,1,304,1
2017-01-01 8:12,1,1,302,1
2017-01-01 8:12,1,2,304,2
2017-01-01 8:12,1,3,305,2
2017-01-01 8:13,1,2,302,1
2017-01-01 8:13,1,3,300,1
2017-01-01 8:14,1,1,305,2
2017-01-01 8:14,1,2,305,1
2017-01-01 8:14,1,3,301,1
2017-01-01 8:15,1,1,300,1
2017-01-01 8:15,1,2,300,1
2017-01-01 8:15,1,3,303,1
2017-01-01 8:16,1,2,305,1
2017-01-01 8:16,1,3,304,1
2017-01-01 8:17,1,1,305,2
2017-01-01 8:17,1,2,303,1
2017-01-01 8:17,1,3,303,1
2017-01-01 8:18,1,2,305,1
2017-01-01 8:19,1,1,300,2
2017-01-01 8:19,1,2,303,1
2017-01-01 8:19,1,3,300,2
2017-01-01 8:20,1,1,303,1
2017-01-01 8:20,1,3,301,1
2017-01-01 8:21,1,1,305,1
2017-01-01 8:21,1,2,305,2
2017-01-01 8:21,1,3,304,1
2017-01-01 8:22,1,2,302,1
2017-01-01 8:22,1,3,300,1
2017-01-01 8:23,1,1,300,2
2017-01-01 8:23,1,3,305,1
2017-01-01 8:24,1,1,304,1
2017-01-01 8:24,1,2,303,2
2017-01-01 8:24,1,3,301,1
2017-01-01 8:25,1,1,303,1
2017-01-01 8:25,1,2,300,1
2017-01-01 8:25,1,3,304,1
2017-01-01 8:26,1,1,305,1
2017-01-01 8:26,1,2,301,1
2017-01-01 8:26,1,3,303,1
2017-01-01 8:27,1,2,302,1
2017-01-01 8:28,1,3,301,2
2017-01-01 8:29,1,1,302,3
2017-01-01 8:29,1,2,304,2
2017-01-01 8:29,1,3,302,1
2017-01-01 8:30,1,2,301,1
2017-01-01 8:30,1,3,305,1
2017-01-01 8:31,1,1,301,2
2017-01-01 8:31,1,2,305,1
2017-01-01 8:31,1,3,304,1
2017-01-01 8:32,1,1,304,1
2017-01-01 8:32,1,2,300,1
2017-01-01 8:32,1,3,302,1
2017-01-01 8:33,1,1,305,1
2017-01-01 8:34,1,1,304,1
2017-01-01 8:35,1,1,301,1
2017-01-01 8:35,1,2,301,3
2017-01-01 8:35,1,3,304,3
2017-01-01 8:36,1,1,303,1
2017-01-01 8:36,1,2,302,1
2017-01-01 8:37,1,2,305,1
2017-01-01 8:38,1,1,304,2
2017-01-01 8:38,1,2,303,1
2017-01-01 8:39,1,1,305,1
2017-01-01 8:40,1,2,300,2
2017-01-01 8:41,1,1,300,2
2017-01-01 8:41,1,2,302,1
2017-01-01 8:41,1,3,300,6
2017-01-01 8:42,1,1,302,1
2017-01-01 8:42,1,2,301,1
2017-01-01 8:42,1,3,302,1
2017-01-01 8:43,1,1,305,1
2017-01-01 8:44,1,3,300,2
2017-01-01 8:45,1,1,300,2
2017-01-01 8:45,1,2,305,3
2017-01-01 8:45,1,3,304,1
2017-01-01 8:46,1,1,305,1
2017-01-01 8:46,1,2,300,1
2017-01-01 8:47,1,1,302,1
2017-01-01 8:47,1,2,305,1
2017-01-01 8:47,1,3,301,2
2017-01-01 8:48,1,1,301,1
2017-01-01 8:48,1,2,300,1
2017-01-01 8:48,1,3,300,1
2017-01-01 8:49,1,1,302,1
2017-01-01 8:49,1,2,303,1
2017-01-01 8:49,1,3,302,1
2017-01-01 8:50,1,1,305,1
2017-01-01 8:50,1,2,301,1
2017-01-01 8:50,1,3,304,1
2017-01-01 8:51,1,1,302,1
2017-01-01 8:51,1,2,303,1
2017-01-01 8:52,1,1,301,1
2017-01-01 8:52,1,2,301,1
2017-01-01 8:52,1,3,303,2
2017-01-01 8:53,1,1,304,1
2017-01-01 8:53,1,2,305,1
2017-01-01 8:53,1,3,305,1
2017-01-01 8:54,1,2,302,1
2017-01-01 8:54,1,3,302,1
2017-01-01 8:55,1,1,305,2
2017-01-01 8:55,1,2,300,1
2017-01-01 8:55,1,3,304,1
2017-01-01 8:56,1,1,300,1
2017-01-01 8:56,1,2,301,1
2017-01-01 8:56,1,3,301,1
2017-01-01 8:57,1,2,302,1
2017-01-01 8:57,1,3,303,1
2017-01-01 8:58,1,1,303,2
2017-01-01 8:58,1,2,301,1
2017-01-01 8:58,1,3,300,1
2017-01-01 8:59,1,1,300,1
2017-01-01 8:59,1,2,303,1
2017-01-01 8:59,1,3,301,1
2017-01-01 9:00,1,1,304,1
2017-01-01 9:00,1,2,301,1
2017-01-01 9:00,1,3,303,1
2017-01-01 9:01,1,1,302,1
2017-01-01 9:02,1,2,302,2
2017-01-01 9:03,1,1,303,2
2017-01-01 9:03,1,2,300,1
2017-01-01 9:03,1,3,301,3
2017-01-01 9:04,1,1,302,1
2017-01-01 9:04,1,2,303,1
2017-01-01 9:05,1,1,304,1
2017-01-01 9:05,1,2,304,1
2017-01-01 9:05,1,3,303,2
2017-01-01 9:06,1,1,305,1
2017-01-01 9:06,1,2,302,1
2017-01-01 9:06,1,3,300,1
2017-01-01 9:07,1,1,302,1
2017-01-01 9:07,1,2,303,1
2017-01-01 9:07,1,3,303,1
2017-01-01 9:08,1,1,303,1
2017-01-01 9:08,1,2,305,1
2017-01-01 9:08,1,3,302,1
2017-01-01 9:09,1,1,301,1
2017-01-01 9:09,1,2,303,1
2017-01-01 9:09,1,3,300,1
2017-01-01 9:10,1,1,304,1
2017-01-01 9:10,1,2,305,1
2017-01-01 9:10,1,3,303,1
2017-01-01 9:11,1,1,302,1
2017-01-01 9:11,1,2,303,1
2017-01-01 9:11,1,3,304,1
2017-01-01 9:12,1,1,300,1
2017-01-01 9:13,1,1,301,1
2017-01-01 9:13,1,2,304,2
2017-01-01 9:13,1,3,302,2
2017-01-01 9:14,1,1,300,1
2017-01-01 9:14,1,3,303,1
2017-01-01 9:15,1,1,301,1
2017-01-01 9:15,1,2,303,2
2017-01-01 9:15,1,3,305,1
2017-01-01 9:16,1,1,302,1
2017-01-01 9:16,1,2,305,1
2017-01-01 9:17,1,1,301,1
2017-01-01 9:17,1,2,302,1
2017-01-01 9:18,1,1,302,1
2017-01-01 9:18,1,2,304,1
2017-01-01 9:18,1,3,302,3
2017-01-01 9:19,1,1,305,1
2017-01-01 9:19,1,2,305,1
2017-01-01 9:19,1,3,303,1
2017-01-01 9:20,1,1,304,1
2017-01-01 9:20,1,3,304,1
2017-01-01 9:21,1,1,302,1
2017-01-01 9:21,1,2,303,2
2017-01-01 9:21,1,3,300,1
2017-01-01 9:22,1,1,305,1
2017-01-01 9:22,1,2,305,1
2017-01-01 9:22,1,3,305,1
2017-01-01 9:23,1,1,302,1
2017-01-01 9:23,1,2,304,1
2017-01-01 9:23,1,3,302,1
2017-01-01 9:24,1,1,303,1
2017-01-01 9:24,1,3,303,1
2017-01-01 9:25,1,2,305,2
2017-01-01 9:25,1,3,300,1
2017-01-01 9:26,1,1,305,2
2017-01-01 9:26,1,3,301,1
2017-01-01 9:27,1,2,300,2
2017-01-01 9:27,1,3,305,1
2017-01-01 9:28,1,2,305,1
2017-01-01 9:28,1,3,302,1
2017-01-01 9:29,1,1,301,3
2017-01-01 9:29,1,2,304,1
2017-01-01 9:29,1,3,305,1
2017-01-01 9:30,1,2,303,1
2017-01-01 9:30,1,3,304,1
2017-01-01 9:31,1,1,300,2
2017-01-01 9:31,1,2,305,1
2017-01-01 9:31,1,3,305,1
2017-01-01 9:32,1,3,303,1
2017-01-01 9:33,1,1,304,2
2017-01-01 9:33,1,2,301,2
2017-01-01 9:33,1,3,301,1
2017-01-01 9:34,1,3,304,1
2017-01-01 9:35,1,1,303,2
2017-01-01 9:35,1,2,300,2
2017-01-01 9:35,1,3,302,1
2017-01-01 9:36,1,1,305,1
2017-01-01 9:36,1,2,302,1
2017-01-01 9:36,1,3,303,1
2017-01-01 9:37,1,2,300,1
2017-01-01 9:38,1,1,300,2
2017-01-01 9:38,1,2,305,1
2017-01-01 9:39,1,1,301,1
2017-01-01 9:39,1,3,305,3
2017-01-01 9:40,1,1,302,1
2017-01-01 9:40,1,2,300,2
2017-01-01 9:40,1,3,304,1
2017-01-01 9:41,1,1,301,1
2017-01-01 9:41,1,2,303,1
2017-01-01 9:41,1,3,305,1
2017-01-01 9:42,1,1,300,1
2017-01-01 9:42,1,3,301,1
2017-01-01 9:43,1,1,304,1
2017-01-01 9:43,1,2,300,2
2017-01-01 9:43,1,3,302,1
2017-01-01 9:44,1,1,303,1
2017-01-01 9:45,1,1,305,1
2017-01-01 9:45,1,2,301,2
2017-01-01 9:45,1,3,305,2
2017-01-01 9:46,1,1,303,1
2017-01-01 9:46,1,2,305,1
2017-01-01 9:46,1,3,304,1
2017-01-01 9:47,1,1,304,1
2017-01-01 9:47,1,2,301,1
2017-01-01 9:48,1,1,302,1
2017-01-01 9:48,1,2,302,1
2017-01-01 9:48,1,3,300,2
2017-01-01 9:49,1,1,303,1
2017-01-01 9:49,1,2,301,1
2017-01-01 9:49,1,3,301,1
2017-01-01 9:50,1,1,301,1
2017-01-01 9:50,1,2,303,1
2017-01-01 9:51,1,2,302,1
2017-01-01 9:51,1,3,303,2
2017-01-01 9:52,1,1,302,2
2017-01-01 9:52,1,2,301,1
2017-01-01 9:52,1,3,300,1
2017-01-01 9:53,1,2,303,1
2017-01-01 9:53,1,3,303,1
2017-01-01 9:54,1,1,303,2
2017-01-01 9:54,1,2,300,1
2017-01-01 9:54,1,3,301,1
2017-01-01 9:55,1,1,301,1
2017-01-01 9:55,1,2,301,1
2017-01-01 9:56,1,1,303,1
2017-01-01 9:56,1,2,302,1
2017-01-01 9:57,1,2,300,1
2017-01-01 9:57,1,3,305,3
2017-01-01 9:58,1,1,304,2
2017-01-01 9:58,1,2,305,1
2017-01-01 9:59,1,1,305,1
2017-01-01 9:59,1,2,302,1
2017-01-01 9:59,1,3,302,2
2017-01-01 10:00,1,1,304,1
2017-01-01 10:00,1,2,304,1
2017-01-01 10:00,1,3,304,1
2017-01-01 10:01,1,1,303,1
2017-01-01 10:01,1,3,300,1
2017-01-01 10:02,1,1,305,1
2017-01-01 10:03,1,3,302,2
2017-01-01 10:04,1,1,301,2
2017-01-01 10:04,1,2,301,4
2017-01-01 10:04,1,3,305,1
2017-01-01 10:05,1,1,303,1
2017-01-01 10:05,1,2,304,1
2017-01-01 10:05,1,3,301,1
2017-01-01 10:06,1,2,300,1
2017-01-01 10:08,1,1,302,3
2017-01-01 10:08,1,2,304,2
2017-01-01 10:08,1,3,302,3
2017-01-01 10:09,1,1,300,1
2017-01-01 10:09,1,2,303,1
2017-01-01 10:09,1,3,304,1
2017-01-01 10:10,1,1,305,1
2017-01-01 10:10,1,2,301,1
2017-01-01 10:10,1,3,302,1
2017-01-01 10:11,1,1,303,1
2017-01-01 10:11,1,2,303,1
2017-01-01 10:11,1,3,304,1
2017-01-01 10:12,1,1,300,1
2017-01-01 10:12,1,2,301,1
2017-01-01 10:12,1,3,302,1
2017-01-01 10:13,1,1,305,1
2017-01-01 10:13,1,2,304,1
2017-01-01 10:13,1,3,301,1
2017-01-01 10:14,1,1,304,1
2017-01-01 10:14,1,2,301,1
2017-01-01 10:14,1,3,305,1
2017-01-01 10:15,1,1,303,1
2017-01-01 10:15,1,2,300,1
2017-01-01 10:16,1,1,300,1
2017-01-01 10:16,1,2,303,1
2017-01-01 10:16,1,3,302,2
2017-01-01 10:17,1,1,304,1
2017-01-01 10:17,1,2,304,1
2017-01-01 10:17,1,3,304,1
2017-01-01 10:18,1,1,301,1
2017-01-01 10:18,1,3,305,1
2017-01-01 10:19,1,1,305,1
2017-01-01 10:19,1,2,305,2
2017-01-01 10:19,1,3,304,1
2017-01-01 10:20,1,1,300,1
2017-01-01 10:20,1,2,300,1
2017-01-01 10:21,1,1,304,1
2017-01-01 10:21,1,2,305,1
2017-01-01 10:21,1,3,305,2
2017-01-01 10:22,1,1,300,1
2017-01-01 10:22,1,2,302,1
2017-01-01 10:23,1,1,304,1
2017-01-01 10:23,1,2,304,1
2017-01-01 10:23,1,3,301,2
2017-01-01 10:24,1,2,302,1
2017-01-01 10:24,1,3,304,1
2017-01-01 10:25,1,1,302,2
2017-01-01 10:25,1,2,301,1
2017-01-01 10:25,1,3,302,1
2017-01-01 10:26,1,2,302,1
2017-01-01 10:26,1,3,304,1
2017-01-01 10:27,1,1,301,2
2017-01-01 10:27,1,2,301,1
2017-01-01 10:27,1,3,302,1
2017-01-01 10:28,1,1,305,1
2017-01-01 10:28,1,2,303,1
2017-01-01 10:28,1,3,300,1
2017-01-01 10:29,1,1,303,1
2017-01-01 10:29,1,3,303,1
2017-01-01 10:30,1,1,304,1
2017-01-01 10:30,1,2,301,2
2017-01-01 10:30,1,3,302,1
2017-01-01 10:31,1,1,301,1
2017-01-01 10:31,1,2,302,1
2017-01-01 10:31,1,3,301,1
2017-01-01 10:32,1,1,303,1
2017-01-01 10:32,1,2,305,1
2017-01-01 10:32,1,3,303,1
2017-01-01 10:33,1,1,300,1
2017-01-01 10:33,1,3,305,1
2017-01-01 10:34,1,1,301,1
2017-01-01 10:34,1,2,300,2
2017-01-01 10:34,1,3,301,1
2017-01-01 10:35,1,1,300,1
2017-01-01 10:35,1,2,305,1
2017-01-01 10:35,1,3,304,1
2017-01-01 10:36,1,1,303,1
2017-01-01 10:36,1,2,300,1
2017-01-01 10:36,1,3,303,1
2017-01-01 10:37,1,1,301,1
2017-01-01 10:37,1,2,304,1
2017-01-01 10:37,1,3,300,1
2017-01-01 10:38,1,1,300,1
2017-01-01 10:38,1,2,305,1
2017-01-01 10:38,1,3,304,1
2017-01-01 10:39,1,1,304,1
2017-01-01 10:39,1,2,303,1
2017-01-01 10:39,1,3,300,1
2017-01-01 10:40,1,1,302,1
2017-01-01 10:40,1,2,304,1
2017-01-01 10:40,1,3,303,1
2017-01-01 10:41,1,1,303,1
2017-01-01 10:41,1,3,302,1
2017-01-01 10:42,1,3,300,1
2017-01-01 10:43,1,1,304,2
2017-01-01 10:43,1,2,303,3
2017-01-01 10:43,1,3,304,1
2017-01-01 10:44,1,1,303,1
2017-01-01 10:44,1,2,302,1
2017-01-01 10:44,1,3,301,1
2017-01-01 10:45,1,1,301,1
2017-01-01 10:45,1,2,304,1
2017-01-01 10:45,1,3,305,1
2017-01-01 10:46,1,1,302,1
2017-01-01 10:46,1,2,305,1
2017-01-01 10:46,1,3,303,1
2017-01-01 10:47,1,1,303,1
2017-01-01 10:47,1,3,302,1
2017-01-01 10:48,1,1,302,1
2017-01-01 10:48,1,2,300,2
2017-01-01 10:48,1,3,305,1
2017-01-01 10:49,1,1,304,1
2017-01-01 10:49,1,2,305,1
2017-01-01 10:49,1,3,301,1
2017-01-01 10:50,1,1,305,1
2017-01-01 10:50,1,2,302,1
2017-01-01 10:50,1,3,303,1
2017-01-01 10:51,1,1,300,1
2017-01-01 10:51,1,2,303,1
2017-01-01 10:51,1,3,301,1
2017-01-01 10:52,1,1,305,1
2017-01-01 10:52,1,2,302,1
2017-01-01 10:52,1,3,304,1
2017-01-01 10:53,1,1,300,1
2017-01-01 10:53,1,3,303,1
2017-01-01 10:54,1,1,304,1
2017-01-01 10:54,1,2,303,2
2017-01-01 10:54,1,3,300,1
2017-01-01 10:55,1,1,301,1
2017-01-01 10:55,1,2,302,1
2017-01-01 10:55,1,3,303,1
2017-01-01 10:56,1,2,304,1
2017-01-01 10:56,1,3,301,1
2017-01-01 10:57,1,1,305,2
2017-01-01 10:57,1,2,301,1
2017-01-01 10:57,1,3,305,1
2017-01-01 10:58,1,1,300,1
2017-01-01 10:58,1,2,302,1
2017-01-01 10:58,1,3,303,1
2017-01-01 10:59,1,1,303,1
2017-01-01 11:00,1,1,305,1
2017-01-01 11:00,1,2,300,2
2017-01-01 11:00,1,3,302,2
2017-01-01 11:01,1,2,301,1
2017-01-01 11:02,1,1,303,2
2017-01-01 11:02,1,2,305,1
2017-01-01 11:02,1,3,305,2
2017-01-01 11:03,1,1,302,1
2017-01-01 11:03,1,2,300,1
2017-01-01 11:03,1,3,303,1
2017-01-01 11:04,1,1,305,1
2017-01-01 11:04,1,2,303,1
2017-01-01 11:04,1,3,304,1
2017-01-01 11:05,1,1,300,1
2017-01-01 11:05,1,2,305,1
2017-01-01 11:05,1,3,303,1
2017-01-01 11:06,1,1,305,1
2017-01-01 11:06,1,2,304,1
2017-01-01 11:07,1,1,301,1
2017-01-01 11:07,1,2,305,1
2017-01-01 11:07,1,3,302,2
2017-01-01 11:08,1,2,304,1
2017-01-01 11:08,1,3,303,1
2017-01-01 11:09,1,2,303,1
2017-01-01 11:09,1,3,304,1
2017-01-01 11:10,1,1,305,3
2017-01-01 11:10,1,3,300,1
2017-01-01 11:11,1,1,302,1
2017-01-01 11:11,1,2,301,2
2017-01-01 11:11,1,3,304,1
2017-01-01 11:12,1,1,303,1
2017-01-01 11:12,1,2,302,1
2017-01-01 11:12,1,3,300,1
2017-01-01 11:13,1,1,302,1
2017-01-01 11:13,1,2,303,1
2017-01-01 11:13,1,3,302,1
2017-01-01 11:14,1,1,305,1
2017-01-01 11:14,1,2,305,1
2017-01-01 11:14,1,3,303,1
2017-01-01 11:15,1,1,301,1
2017-01-01 11:15,1,2,304,1
2017-01-01 11:16,1,1,302,1
2017-01-01 11:16,1,2,301,1
2017-01-01 11:17,1,1,304,1
2017-01-01 11:17,1,2,303,1
2017-01-01 11:17,1,3,304,3
2017-01-01 11:18,1,1,305,1
2017-01-01 11:18,1,2,302,1
2017-01-01 11:19,1,1,300,1
2017-01-01 11:19,1,2,301,1
2017-01-01 11:19,1,3,305,2
2017-01-01 11:20,1,1,304,1
2017-01-01 11:20,1,2,303,1
2017-01-01 11:20,1,3,303,1
2017-01-01 11:21,1,1,302,1
2017-01-01 11:21,1,2,300,1
2017-01-01 11:21,1,3,300,1
2017-01-01 11:22,1,1,303,1
2017-01-01 11:22,1,2,304,1
2017-01-01 11:22,1,3,304,1
2017-01-01 11:23,1,1,305,1
2017-01-01 11:23,1,2,301,1
2017-01-01 11:23,1,3,303,1
2017-01-01 11:24,1,1,304,1
2017-01-01 11:24,1,3,302,1
2017-01-01 11:25,1,1,301,1
2017-01-01 11:25,1,2,304,2
2017-01-01 11:25,1,3,305,1
2017-01-01 11:26,1,1,300,1
2017-01-01 11:26,1,2,300,1
2017-01-01 11:26,1,3,300,1
2017-01-01 11:27,1,1,304,1
2017-01-01 11:27,1,2,304,1
2017-01-01 11:27,1,3,302,1
2017-01-01 11:28,1,1,305,1
2017-01-01 11:28,1,2,301,1
2017-01-01 11:28,1,3,305,1
2017-01-01 11:29,1,1,300,1
2017-01-01 11:29,1,2,303,1
2017-01-01 11:29,1,3,304,1
2017-01-01 11:30,1,1,303,1
2017-01-01 11:30,1,2,304,1
2017-01-01 11:30,1,3,302,1
2017-01-01 11:31,1,1,301,1
2017-01-01 11:31,1,3,304,1
2017-01-01 11:32,1,1,300,1
2017-01-01 11:32,1,2,301,2
2017-01-01 11:32,1,3,303,1
2017-01-01 11:33,1,1,302,1
2017-01-01 11:33,1,3,302,1
2017-01-01 11:34,1,1,303,1
2017-01-01 11:34,1,2,305,2
2017-01-01 11:34,1,3,301,1
2017-01-01 11:35,1,2,300,1
2017-01-01 11:35,1,3,303,1
2017-01-01 11:36,1,1,304,2
2017-01-01 11:36,1,2,304,1
2017-01-01 11:36,1,3,301,1
2017-01-01 11:37,1,1,305,1
2017-01-01 11:37,1,2,303,1
2017-01-01 11:37,1,3,303,1
2017-01-01 11:38,1,1,300,1
2017-01-01 11:38,1,2,302,1
2017-01-01 11:38,1,3,302,1
2017-01-01 11:39,1,1,304,1
2017-01-01 11:39,1,2,304,1
2017-01-01 11:39,1,3,304,1
2017-01-01 11:40,1,1,301,1
2017-01-01 11:40,1,2,303,1
2017-01-01 11:40,1,3,300,1
2017-01-01 11:41,1,1,300,1
2017-01-01 11:41,1,2,302,1
2017-01-01 11:41,1,3,301,1
2017-01-01 11:42,1,1,302,1
2017-01-01 11:42,1,2,305,1
2017-01-01 11:42,1,3,305,1
2017-01-01 11:43,1,1,304,1
2017-01-01 11:43,1,2,301,1
2017-01-01 11:43,1,3,302,1
2017-01-01 11:44,1,1,300,1
2017-01-01 11:44,1,2,302,1
2017-01-01 11:44,1,3,301,1
2017-01-01 11:45,1,1,301,1
2017-01-01 11:45,1,2,300,1
2017-01-01 11:45,1,3,305,1
2017-01-01 11:46,1,1,303,1
2017-01-01 11:46,1,2,304,1
2017-01-01 11:46,1,3,304,1
2017-01-01 11:47,1,1,304,1
2017-01-01 11:47,1,2,302,1
2017-01-01 11:47,1,3,303,1
2017-01-01 11:48,1,1,300,1
2017-01-01 11:48,1,2,300,1
2017-01-01 11:48,1,3,300,1
2017-01-01 11:49,1,1,305,1
2017-01-01 11:49,1,2,305,1
2017-01-01 11:49,1,3,303,1
2017-01-01 11:50,1,1,304,1
2017-01-01 11:50,1,2,301,1
2017-01-01 11:51,1,1,300,1
2017-01-01 11:51,1,2,300,1
2017-01-01 11:51,1,3,301,2
2017-01-01 11:52,1,1,301,1
2017-01-01 11:52,1,2,301,1
2017-01-01 11:52,1,3,304,1
2017-01-01 11:53,1,2,303,1
2017-01-01 11:53,1,3,305,1
2017-01-01 11:54,1,1,302,2
2017-01-01 11:54,1,2,302,1
2017-01-01 11:54,1,3,303,1
2017-01-01 11:55,1,1,303,1
2017-01-01 11:55,1,2,305,1
2017-01-01 11:55,1,3,300,1
2017-01-01 11:56,1,1,304,1
2017-01-01 11:56,1,2,303,1
2017-01-01 11:56,1,3,302,1
2017-01-01 11:57,1,1,305,1
2017-01-01 11:57,1,2,300,1
2017-01-01 11:57,1,3,301,1
2017-01-01 11:58,1,2,304,1
2017-01-01 11:58,1,3,302,1
2017-01-01 11:59,1,1,301,2
2017-01-01 11:59,1,2,301,1
2017-01-01 11:59,1,3,305,1
2017-01-01 12:00,1,1,300,1
2017-01-01 12:00,1,2,302,1
2017-01-01 12:00,1,3,300,1
2017-01-01 12:01,1,1,304,1
2017-01-01 12:01,1,2,305,1
2017-01-01 12:01,1,3,305,1
2017-01-01 12:02,1,1,302,1
2017-01-01 12:02,1,2,301,1
2017-01-01 12:02,1,3,303,1
2017-01-01 12:03,1,1,305,1
2017-01-01 12:03,1,2,300,1
2017-01-01 12:03,1,3,301,1
2017-01-01 12:04,1,1,300,1
2017-01-01 12:04,1,2,302,1
2017-01-01 12:05,1,1,302,1
2017-01-01 12:05,1,2,300,1
2017-01-01 12:06,1,1,300,1
2017-01-01 12:06,1,2,303,1
2017-01-01 12:06,1,3,304,3
2017-01-01 12:07,1,2,304,1
2017-01-01 12:07,1,3,303,1
2017-01-01 12:08,1,1,304,2
2017-01-01 12:08,1,2,300,1
2017-01-01 12:08,1,3,304,1
2017-01-01 12:09,1,1,300,1
2017-01-01 12:09,1,3,303,1
2017-01-01 12:10,1,1,304,1
2017-01-01 12:10,1,2,305,2
2017-01-01 12:10,1,3,302,1
2017-01-01 12:11,1,2,300,1
2017-01-01 12:11,1,3,303,1
2017-01-01 12:12,1,1,305,2
2017-01-01 12:12,1,2,304,1
2017-01-01 12:12,1,3,300,1
2017-01-01 12:13,1,1,300,1
2017-01-01 12:13,1,3,304,1
2017-01-01 12:14,1,1,305,1
2017-01-01 12:14,1,2,301,2
2017-01-01 12:14,1,3,305,1
2017-01-01 12:15,1,1,301,1
2017-01-01 12:15,1,2,302,1
2017-01-01 12:15,1,3,300,1
2017-01-01 12:16,1,2,305,1
2017-01-01 12:17,1,2,301,1
2017-01-01 12:17,1,3,302,2
2017-01-01 12:18,1,1,300,3
2017-01-01 12:18,1,2,302,1
2017-01-01 12:18,1,3,304,1
2017-01-01 12:19,1,1,305,1
2017-01-01 12:19,1,2,303,1
2017-01-01 12:19,1,3,305,1
2017-01-01 12:20,1,1,303,1
2017-01-01 12:20,1,2,300,1
2017-01-01 12:20,1,3,301,1
2017-01-01 12:21,1,1,302,1
2017-01-01 12:21,1,2,304,1
2017-01-01 12:21,1,3,302,1
2017-01-01 12:22,1,1,301,1
2017-01-01 12:22,1,2,301,1
2017-01-01 12:23,1,1,303,1
2017-01-01 12:23,1,2,302,1
2017-01-01 12:23,1,3,301,2
2017-01-01 12:24,1,1,302,1
2017-01-01 12:24,1,3,300,1
2017-01-01 12:26,1,1,303,2
2017-01-01 12:26,1,2,301,3
2017-01-01 12:26,1,3,302,2
2017-01-01 12:27,1,1,302,1
2017-01-01 12:27,1,3,304,1
2017-01-01 12:28,1,1,301,1
2017-01-01 12:28,1,2,305,2
2017-01-01 12:28,1,3,302,1
2017-01-01 12:29,1,1,303,1
2017-01-01 12:29,1,2,304,1
2017-01-01 12:29,1,3,301,1
2017-01-01 12:30,1,2,301,1
2017-01-01 12:30,1,3,305,1
2017-01-01 12:31,1,1,302,2
2017-01-01 12:31,1,2,303,1
2017-01-01 12:31,1,3,303,1
2017-01-01 12:32,1,1,301,1
2017-01-01 12:32,1,2,301,1
2017-01-01 12:32,1,3,301,1
2017-01-01 12:33,1,1,302,1
2017-01-01 12:33,1,2,302,1
2017-01-01 12:33,1,3,305,1
2017-01-01 12:34,1,1,301,1
2017-01-01 12:34,1,2,300,1
2017-01-01 12:34,1,3,302,1
2017-01-01 12:35,1,1,304,1
2017-01-01 12:35,1,3,303,1
2017-01-01 12:36,1,1,303,1
2017-01-01 12:36,1,2,303,2
2017-01-01 12:36,1,3,302,1
2017-01-01 12:37,1,1,302,1
2017-01-01 12:37,1,2,304,1
2017-01-01 12:37,1,3,301,1
2017-01-01 12:38,1,1,303,1
2017-01-01 12:38,1,3,300,1
2017-01-01 12:39,1,1,302,1
2017-01-01 12:40,1,1,300,1
2017-01-01 12:40,1,2,301,3
2017-01-01 12:40,1,3,302,2
2017-01-01 12:41,1,1,304,1
2017-01-01 12:41,1,2,302,1
2017-01-01 12:42,1,1,301,1
2017-01-01 12:42,1,2,304,1
2017-01-01 12:42,1,3,301,2
2017-01-01 12:43,1,1,303,1
2017-01-01 12:43,1,2,301,1
2017-01-01 12:43,1,3,305,1
2017-01-01 12:44,1,1,301,1
2017-01-01 12:44,1,3,304,1
2017-01-01 12:45,1,1,305,1
2017-01-01 12:45,1,2,305,2
2017-01-01 12:45,1,3,303,1
2017-01-01 12:46,1,1,303,1
2017-01-01 12:46,1,2,301,1
2017-01-01 12:46,1,3,305,1
2017-01-01 12:47,1,1,302,1
2017-01-01 12:47,1,2,302,1
2017-01-01 12:48,1,1,300,1
2017-01-01 12:48,1,2,304,1
2017-01-01 12:48,1,3,300,2
2017-01-01 12:49,1,1,302,1
2017-01-01 12:49,1,2,305,1
2017-01-01 12:49,1,3,302,1
2017-01-01 12:50,1,1,304,1
2017-01-01 12:50,1,2,303,1
2017-01-01 12:50,1,3,304,1
2017-01-01 12:51,1,1,300,1
2017-01-01 12:51,1,3,300,1
2017-01-01 12:52,1,1,303,1
2017-01-01 12:52,1,2,304,2
2017-01-01 12:52,1,3,302,1
2017-01-01 12:53,1,1,304,1
2017-01-01 12:53,1,2,301,1
2017-01-01 12:53,1,3,304,1
2017-01-01 12:54,1,2,305,1
2017-01-01 12:54,1,3,301,1
2017-01-01 12:55,1,1,305,2
2017-01-01 12:56,1,1,304,1
2017-01-01 12:56,1,2,304,2
2017-01-01 12:56,1,3,302,2
2017-01-01 12:57,1,2,305,1
2017-01-01 12:57,1,3,303,1
2017-01-01 12:58,1,2,300,1
2017-01-01 12:58,1,3,301,1
2017-01-01 12:59,1,1,301,3
2017-01-01 12:59,1,3,304,1
2017-01-01 13:00,1,1,300,1
2017-01-01 13:00,1,2,301,2
2017-01-01 13:00,1,3,305,1
2017-01-01 13:01,1,1,305,1
2017-01-01 13:01,1,2,300,1
2017-01-01 13:01,1,3,304,1
2017-01-01 13:02,1,1,303,1
2017-01-01 13:02,1,2,303,1
2017-01-01 13:02,1,3,301,1
2017-01-01 13:03,1,1,302,1
2017-01-01 13:04,1,1,303,1
2017-01-01 13:04,1,2,300,2
2017-01-01 13:04,1,3,302,2
2017-01-01 13:05,1,1,302,1
2017-01-01 13:05,1,2,301,1
2017-01-01 13:06,1,1,304,1
2017-01-01 13:06,1,2,300,1
2017-01-01 13:06,1,3,301,2
2017-01-01 13:07,1,1,302,1
2017-01-01 13:07,1,2,303,1
2017-01-01 13:07,1,3,304,1
2017-01-01 13:08,1,1,304,1
2017-01-01 13:08,1,3,300,1
2017-01-01 13:09,1,1,301,1
2017-01-01 13:09,1,2,305,2
2017-01-01 13:09,1,3,301,1
2017-01-01 13:10,1,1,304,1
2017-01-01 13:10,1,2,301,1
2017-01-01 13:11,1,1,301,1
2017-01-01 13:11,1,2,303,1
2017-01-01 13:11,1,3,303,2
2017-01-01 13:12,1,1,305,1
2017-01-01 13:12,1,3,300,1
2017-01-01 13:13,1,1,302,1
2017-01-01 13:13,1,2,302,2
2017-01-01 13:13,1,3,303,1
2017-01-01 13:14,1,1,305,1
2017-01-01 13:14,1,2,300,1
2017-01-01 13:14,1,3,302,1
2017-01-01 13:15,1,2,302,1
2017-01-01 13:15,1,3,300,1
2017-01-01 13:16,1,1,301,2
2017-01-01 13:17,1,1,300,1
2017-01-01 13:17,1,2,300,2
2017-01-01 13:17,1,3,301,2
2017-01-01 13:18,1,1,304,1
2017-01-01 13:18,1,2,301,1
2017-01-01 13:18,1,3,305,1
2017-01-01 13:19,1,2,303,1
2017-01-01 13:19,1,3,304,1
2017-01-01 13:20,1,1,305,2
2017-01-01 13:20,1,2,300,1
2017-01-01 13:20,1,3,302,1
2017-01-01 13:21,1,1,300,1
2017-01-01 13:21,1,2,305,1
2017-01-01 13:21,1,3,304,1
2017-01-01 13:22,1,1,304,1
2017-01-01 13:22,1,3,302,1
2017-01-01 13:23,1,1,300,1
2017-01-01 13:23,1,3,300,1
2017-01-01 13:24,1,1,305,1
2017-01-01 13:24,1,2,302,3
2017-01-01 13:25,1,2,305,1
2017-01-01 13:25,1,3,305,2
2017-01-01 13:26,1,1,304,2
2017-01-01 13:26,1,2,300,1
2017-01-01 13:26,1,3,302,1
2017-01-01 13:27,1,1,302,1
2017-01-01 13:27,1,2,301,1
2017-01-01 13:27,1,3,303,1
2017-01-01 13:28,1,1,301,1
2017-01-01 13:28,1,2,304,1
2017-01-01 13:28,1,3,304,1
2017-01-01 13:29,1,2,305,1
2017-01-01 13:29,1,3,300,1
2017-01-01 13:30,1,1,303,2
2017-01-01 13:30,1,3,302,1
2017-01-01 13:31,1,1,301,1
2017-01-01 13:31,1,2,303,2
2017-01-01 13:31,1,3,301,1
2017-01-01 13:32,1,2,302,1
2017-01-01 13:32,1,3,305,1
2017-01-01 13:33,1,1,305,2
2017-01-01 13:33,1,2,301,1
2017-01-01 13:33,1,3,301,1
2017-01-01 13:34,1,3,304,1
2017-01-01 13:35,1,2,304,2
2017-01-01 13:35,1,3,301,1
2017-01-01 13:36,1,1,303,3
2017-01-01 13:36,1,2,303,1
2017-01-01 13:36,1,3,305,1
2017-01-01 13:37,1,1,305,1
2017-01-01 13:37,1,3,304,1
2017-01-01 13:38,1,1,302,1
2017-01-01 13:38,1,2,302,2
2017-01-01 13:38,1,3,303,1
2017-01-01 13:39,1,1,303,1
2017-01-01 13:39,1,2,304,1
2017-01-01 13:39,1,3,300,1
2017-01-01 13:40,1,2,300,1
2017-01-01 13:40,1,3,305,1
2017-01-01 13:41,1,2,305,1
2017-01-01 13:42,1,1,302,3
2017-01-01 13:42,1,2,300,1
2017-01-01 13:43,1,3,302,3
2017-01-01 13:44,1,1,303,2
2017-01-01 13:44,1,2,301,2
2017-01-01 13:44,1,3,305,1
2017-01-01 13:45,1,2,305,1
2017-01-01 13:45,1,3,300,1
2017-01-01 13:46,1,1,300,2
2017-01-01 13:46,1,3,303,1
2017-01-01 13:47,1,1,302,1
2017-01-01 13:47,1,2,302,2
2017-01-01 13:47,1,3,304,1
2017-01-01 13:48,1,1,304,1
2017-01-01 13:49,1,1,301,1
2017-01-01 13:49,1,2,304,2
2017-01-01 13:49,1,3,305,2
2017-01-01 13:50,1,1,302,1
2017-01-01 13:50,1,2,301,1
2017-01-01 13:50,1,3,301,1
2017-01-01 13:51,1,1,300,1
2017-01-01 13:51,1,2,304,1
2017-01-01 13:51,1,3,300,1
2017-01-01 13:52,1,1,301,1
2017-01-01 13:52,1,2,303,1
2017-01-01 13:53,1,1,303,1
2017-01-01 13:53,1,2,305,1
2017-01-01 13:53,1,3,303,2
2017-01-01 13:54,1,3,302,1
2017-01-01 13:55,1,1,300,2
2017-01-01 13:55,1,2,304,2
2017-01-01 13:56,1,2,301,1
2017-01-01 13:56,1,3,301,2
2017-01-01 13:57,1,1,304,2
2017-01-01 13:57,1,2,303,1
2017-01-01 13:57,1,3,305,1
2017-01-01 13:58,1,1,302,1
2017-01-01 13:58,1,2,305,1
2017-01-01 13:58,1,3,300,1
2017-01-01 13:59,1,1,305,1
2017-01-01 13:59,1,2,303,1
2017-01-01 13:59,1,3,302,1
2017-01-01 14:00,1,2,301,1
2017-01-01 14:00,1,3,304,1
2017-01-01 14:01,1,2,304,1
2017-01-01 14:01,1,3,303,1
2017-01-01 14:02,1,1,304,3
2017-01-01 14:02,1,2,300,1
2017-01-01 14:02,1,3,305,1
2017-01-01 14:03,1,1,301,1
2017-01-01 14:03,1,2,302,1
2017-01-01 14:03,1,3,304,1
2017-01-01 14:04,1,1,303,1
2017-01-01 14:04,1,2,305,1
2017-01-01 14:05,1,1,304,1
2017-01-01 14:05,1,2,301,1
2017-01-01 14:05,1,3,301,2
2017-01-01 14:06,1,2,304,1
2017-01-01 14:06,1,3,300,1
2017-01-01 14:07,1,2,305,1
2017-01-01 14:07,1,3,303,1
2017-01-01 14:08,1,1,300,3
2017-01-01 14:08,1,2,302,1
2017-01-01 14:08,1,3,301,1
2017-01-01 14:09,1,1,303,1
2017-01-01 14:09,1,2,305,1
2017-01-01 14:10,1,1,305,1
2017-01-01 14:10,1,3,302,2
2017-01-01 14:11,1,1,302,1
2017-01-01 14:11,1,2,303,2
2017-01-01 14:11,1,3,301,1
2017-01-01 14:12,1,1,304,1
2017-01-01 14:12,1,2,302,1
2017-01-01 14:12,1,3,303,1
2017-01-01 14:13,1,1,305,1
2017-01-01 14:13,1,2,300,1
2017-01-01 14:13,1,3,305,1
2017-01-01 14:14,1,1,301,1
2017-01-01 14:14,1,2,302,1
2017-01-01 14:14,1,3,301,1
2017-01-01 14:15,1,1,303,1
2017-01-01 14:15,1,3,303,1
2017-01-01 14:16,1,1,302,1
2017-01-01 14:16,1,2,300,2
2017-01-01 14:16,1,3,302,1
2017-01-01 14:17,1,2,303,1
2017-01-01 14:18,1,1,300,2
2017-01-01 14:18,1,2,302,1
2017-01-01 14:18,1,3,303,2
2017-01-01 14:19,1,1,302,1
2017-01-01 14:19,1,2,304,1
2017-01-01 14:19,1,3,300,1
2017-01-01 14:20,1,1,305,1
2017-01-01 14:20,1,2,302,1
2017-01-01 14:20,1,3,302,1
2017-01-01 14:21,1,1,303,1
2017-01-01 14:21,1,2,300,1
2017-01-01 14:22,1,1,301,1
2017-01-01 14:22,1,2,303,1
2017-01-01 14:22,1,3,304,2
2017-01-01 14:23,1,1,303,1
2017-01-01 14:23,1,2,300,1
2017-01-01 14:23,1,3,305,1
2017-01-01 14:24,1,1,304,1
2017-01-01 14:24,1,2,301,1
2017-01-01 14:24,1,3,301,1
2017-01-01 14:25,1,1,301,1
2017-01-01 14:25,1,2,300,1
2017-01-01 14:25,1,3,304,1
2017-01-01 14:26,1,1,302,1
2017-01-01 14:26,1,2,301,1
2017-01-01 14:26,1,3,302,1
2017-01-01 14:27,1,1,300,1
2017-01-01 14:27,1,3,300,1
2017-01-01 14:28,1,1,302,1
2017-01-01 14:28,1,2,304,2
2017-01-01 14:29,1,1,300,1
2017-01-01 14:29,1,3,302,2
2017-01-01 14:30,1,2,302,2
2017-01-01 14:30,1,3,301,1
2017-01-01 14:31,1,1,304,2
2017-01-01 14:31,1,2,300,1
2017-01-01 14:31,1,3,302,1
2017-01-01 14:32,1,1,303,1
2017-01-01 14:32,1,3,305,1
2017-01-01 14:33,1,2,303,2
2017-01-01 14:33,1,3,300,1
2017-01-01 14:34,1,1,302,2
2017-01-01 14:34,1,2,302,1
2017-01-01 14:34,1,3,302,1
2017-01-01 14:35,1,1,305,1
2017-01-01 14:35,1,2,304,1
2017-01-01 14:35,1,3,305,1
2017-01-01 14:36,1,3,300,1
2017-01-01 14:37,1,1,303,2
2017-01-01 14:37,1,2,303,2
2017-01-01 14:38,1,1,304,1
2017-01-01 14:38,1,2,304,1
2017-01-01 14:39,1,1,301,1
2017-01-01 14:39,1,2,302,1
2017-01-01 14:39,1,3,301,3
2017-01-01 14:40,1,1,300,1
2017-01-01 14:40,1,2,301,1
2017-01-01 14:40,1,3,305,1
2017-01-01 14:41,1,1,305,1
2017-01-01 14:41,1,2,302,1
2017-01-01 14:41,1,3,301,1
2017-01-01 14:42,1,2,301,1
2017-01-01 14:42,1,3,300,1
2017-01-01 14:43,1,1,301,2
2017-01-01 14:43,1,2,302,1
2017-01-01 14:43,1,3,303,1
2017-01-01 14:44,1,1,303,1
2017-01-01 14:44,1,2,300,1
2017-01-01 14:44,1,3,301,1
2017-01-01 14:45,1,1,300,1
2017-01-01 14:45,1,2,301,1
2017-01-01 14:45,1,3,304,1
2017-01-01 14:46,1,1,304,1
2017-01-01 14:46,1,2,302,1
2017-01-01 14:46,1,3,301,1
2017-01-01 14:47,1,1,303,1
2017-01-01 14:47,1,2,303,1
2017-01-01 14:48,1,1,302,1
2017-01-01 14:48,1,2,304,1
2017-01-01 14:48,1,3,305,2
2017-01-01 14:49,1,1,300,1
2017-01-01 14:49,1,2,302,1
2017-01-01 14:49,1,3,302,1
2017-01-01 14:50,1,3,301,1
2017-01-01 14:51,1,1,303,2
2017-01-01 14:51,1,2,300,2
2017-01-01 14:52,1,1,302,1
2017-01-01 14:52,1,2,302,1
2017-01-01 14:52,1,3,305,2
2017-01-01 14:53,1,1,303,1
2017-01-01 14:53,1,2,303,1
2017-01-01 14:54,1,1,300,1
2017-01-01 14:54,1,2,300,1
2017-01-01 14:54,1,3,301,2
2017-01-01 14:55,1,1,303,1
2017-01-01 14:55,1,2,301,1
2017-01-01 14:56,1,1,304,1
2017-01-01 14:56,1,3,300,2
2017-01-01 14:57,1,1,300,1
2017-01-01 14:57,1,2,305,2
2017-01-01 14:57,1,3,301,1
2017-01-01 14:58,1,1,302,1
2017-01-01 14:58,1,2,303,1
2017-01-01 14:58,1,3,304,1
2017-01-01 14:59,1,1,300,1
2017-01-01 14:59,1,2,305,1
2017-01-01 14:59,1,3,303,1
2017-01-01 15:00,1,1,303,1
2017-01-01 15:00,1,2,302,1
2017-01-01 15:00,1,3,301,1
2017-01-01 15:01,1,1,305,1
2017-01-01 15:01,1,2,304,1
2017-01-01 15:02,1,1,301,1
2017-01-01 15:02,1,2,302,1
2017-01-01 15:02,1,3,305,2
2017-01-01 15:03,1,1,305,1
2017-01-01 15:03,1,2,305,1
2017-01-01 15:04,1,1,303,1
2017-01-01 15:04,1,2,302,1
2017-01-01 15:05,1,1,301,1
2017-01-01 15:05,1,2,304,1
2017-01-01 15:05,1,3,302,3
2017-01-01 15:06,1,2,301,1
2017-01-01 15:06,1,3,301,1
2017-01-01 15:07,1,1,300,2
2017-01-01 15:07,1,2,304,1
2017-01-01 15:07,1,3,304,1
2017-01-01 15:08,1,2,300,1
2017-01-01 15:08,1,3,305,1
2017-01-01 15:09,1,1,305,2
2017-01-01 15:09,1,2,304,1
2017-01-01 15:10,1,1,302,1
2017-01-01 15:10,1,2,305,1
2017-01-01 15:10,1,3,303,2
2017-01-01 15:11,1,1,303,1
2017-01-01 15:11,1,2,300,1
2017-01-01 15:11,1,3,302,1
2017-01-01 15:12,1,2,302,1
2017-01-01 15:13,1,1,305,2
2017-01-01 15:13,1,2,301,1
2017-01-01 15:13,1,3,305,2
2017-01-01 15:14,1,1,303,1
2017-01-01 15:14,1,3,301,1
2017-01-01 15:15,1,1,301,1
2017-01-01 15:15,1,2,300,2
2017-01-01 15:15,1,3,303,1
2017-01-01 15:16,1,1,305,1
2017-01-01 15:16,1,2,304,1
2017-01-01 15:16,1,3,300,1
2017-01-01 15:17,1,1,301,1
2017-01-01 15:17,1,2,301,1
2017-01-01 15:17,1,3,301,1
2017-01-01 15:18,1,1,303,1
2017-01-01 15:18,1,3,304,1
2017-01-01 15:19,1,3,301,1
2017-01-01 15:20,1,1,301,2
2017-01-01 15:20,1,2,303,3
2017-01-01 15:20,1,3,305,1
2017-01-01 15:21,1,1,302,1
2017-01-01 15:21,1,2,301,1
2017-01-01 15:22,1,1,304,1
2017-01-01 15:22,1,2,302,1
2017-01-01 15:22,1,3,300,2
2017-01-01 15:23,1,1,301,1
2017-01-01 15:23,1,2,304,1
2017-01-01 15:24,1,1,300,1
2017-01-01 15:24,1,2,301,1
2017-01-01 15:24,1,3,305,2
2017-01-01 15:25,1,1,304,1
2017-01-01 15:25,1,2,304,1
2017-01-01 15:25,1,3,302,1
2017-01-01 15:26,1,1,300,1
2017-01-01 15:26,1,2,305,1
2017-01-01 15:26,1,3,303,1
2017-01-01 15:27,1,1,303,1
2017-01-01 15:27,1,3,302,1
2017-01-01 15:28,1,1,304,1
2017-01-01 15:28,1,2,304,2
2017-01-01 15:29,1,1,303,1
2017-01-01 15:29,1,2,300,1
2017-01-01 15:29,1,3,300,2
2017-01-01 15:30,1,2,302,1
2017-01-01 15:30,1,3,305,1
2017-01-01 15:31,1,1,300,2
2017-01-01 15:32,1,1,303,1
2017-01-01 15:32,1,2,305,2
2017-01-01 15:32,1,3,300,2
2017-01-01 15:33,1,1,302,1
2017-01-01 15:33,1,2,300,1
2017-01-01 15:34,1,1,304,1
2017-01-01 15:34,1,2,301,1
2017-01-01 15:34,1,3,302,2
2017-01-01 15:35,1,2,305,1
2017-01-01 15:35,1,3,304,1
2017-01-01 15:36,1,2,304,1
2017-01-01 15:36,1,3,303,1
2017-01-01 15:37,1,1,305,3
2017-01-01 15:37,1,2,301,1
2017-01-01 15:37,1,3,301,1
2017-01-01 15:38,1,1,300,1
2017-01-01 15:38,1,2,302,1
2017-01-01 15:38,1,3,304,1
2017-01-01 15:39,1,1,305,1
2017-01-01 15:39,1,2,300,1
2017-01-01 15:39,1,3,300,1
2017-01-01 15:40,1,1,302,1
2017-01-01 15:40,1,2,301,1
2017-01-01 15:40,1,3,301,1
2017-01-01 15:41,1,2,300,1
2017-01-01 15:41,1,3,300,1
2017-01-01 15:42,1,1,300,2
2017-01-01 15:42,1,2,305,1
2017-01-01 15:42,1,3,302,1
2017-01-01 15:43,1,1,304,1
2017-01-01 15:43,1,2,304,1
2017-01-01 15:43,1,3,304,1
2017-01-01 15:44,1,1,300,1
2017-01-01 15:44,1,2,300,1
2017-01-01 15:44,1,3,303,1
2017-01-01 15:45,1,1,302,1
2017-01-01 15:45,1,2,303,1
2017-01-01 15:45,1,3,302,1
2017-01-01 15:46,1,1,304,1
2017-01-01 15:46,1,3,305,1
2017-01-01 15:47,1,1,305,1
2017-01-01 15:47,1,2,302,2
2017-01-01 15:48,1,1,304,1
2017-01-01 15:48,1,2,304,1
2017-01-01 15:49,1,1,305,1
2017-01-01 15:49,1,3,302,3
2017-01-01 15:50,1,1,300,1
2017-01-01 15:50,1,3,304,1
2017-01-01 15:51,1,1,304,1
2017-01-01 15:51,1,2,305,3
2017-01-01 15:52,1,1,300,1
2017-01-01 15:52,1,2,301,1
2017-01-01 15:52,1,3,300,2
2017-01-01 15:53,1,3,304,1
2017-01-01 15:54,1,1,302,2
2017-01-01 15:54,1,2,303,2
2017-01-01 15:54,1,3,301,1
2017-01-01 15:55,1,1,305,1
2017-01-01 15:55,1,2,305,1
2017-01-01 15:55,1,3,304,1
2017-01-01 15:56,1,3,303,1
2017-01-01 15:57,1,1,303,2
2017-01-01 15:57,1,3,302,1
2017-01-01 15:58,1,1,302,1
2017-01-01 15:58,1,2,304,3
2017-01-01 15:58,1,3,301,1
2017-01-01 15:59,1,1,301,1
2017-01-01 15:59,1,2,301,1
2017-01-01 15:59,1,3,304,1
2017-01-01 16:00,1,1,300,1
2017-01-01 16:00,1,2,303,1
2017-01-01 16:01,1,1,305,1
2017-01-01 16:01,1,2,305,1
2017-01-01 16:01,1,3,303,2
2017-01-01 16:02,1,1,303,1
2017-01-01 16:02,1,2,303,1
2017-01-01 16:02,1,3,300,1
2017-01-01 16:03,1,2,304,1
2017-01-01 16:03,1,3,305,1
2017-01-01 16:04,1,1,301,2
2017-01-01 16:04,1,2,305,1
2017-01-01 16:04,1,3,303,1
2017-01-01 16:05,1,1,303,1
2017-01-01 16:05,1,2,300,1
2017-01-01 16:05,1,3,301,1
2017-01-01 16:06,1,1,302,1
2017-01-01 16:06,1,2,305,1
2017-01-01 16:06,1,3,303,1
2017-01-01 16:07,1,2,303,1
2017-01-01 16:07,1,3,302,1
2017-01-01 16:08,1,1,305,2
2017-01-01 16:08,1,2,300,1
2017-01-01 16:08,1,3,301,1
2017-01-01 16:09,1,1,304,1
2017-01-01 16:09,1,2,303,1
2017-01-01 16:09,1,3,303,1
2017-01-01 16:10,1,1,302,1
2017-01-01 16:10,1,2,301,1
2017-01-01 16:10,1,3,300,1
2017-01-01 16:11,1,1,303,1
2017-01-01 16:11,1,2,305,1
2017-01-01 16:11,1,3,303,1
2017-01-01 16:12,1,1,304,1
2017-01-01 16:12,1,2,301,1
2017-01-01 16:12,1,3,301,1
2017-01-01 16:13,1,1,303,1
2017-01-01 16:13,1,2,304,1
2017-01-01 16:14,1,1,300,1
2017-01-01 16:14,1,2,303,1
2017-01-01 16:14,1,3,302,2
2017-01-01 16:15,1,1,301,1
2017-01-01 16:15,1,2,305,1
2017-01-01 16:15,1,3,300,1
2017-01-01 16:16,1,1,303,1
2017-01-01 16:16,1,2,301,1
2017-01-01 16:16,1,3,305,1
2017-01-01 16:17,1,1,300,1
2017-01-01 16:17,1,2,300,1
2017-01-01 16:18,1,1,303,1
2017-01-01 16:18,1,2,301,1
2017-01-01 16:18,1,3,301,2
2017-01-01 16:19,1,1,304,1
2017-01-01 16:19,1,3,304,1
2017-01-01 16:20,1,1,303,1
2017-01-01 16:20,1,3,305,1
2017-01-01 16:21,1,1,304,1
2017-01-01 16:21,1,2,305,3
2017-01-01 16:21,1,3,303,1
2017-01-01 16:22,1,1,303,1
2017-01-01 16:22,1,2,301,1
2017-01-01 16:22,1,3,300,1
2017-01-01 16:23,1,1,300,1
2017-01-01 16:23,1,2,305,1
2017-01-01 16:23,1,3,304,1
2017-01-01 16:24,1,1,304,1
2017-01-01 16:24,1,3,302,1
2017-01-01 16:25,1,1,300,1
2017-01-01 16:25,1,2,301,2
2017-01-01 16:25,1,3,300,1
2017-01-01 16:26,1,1,303,1
2017-01-01 16:26,1,2,304,1
2017-01-01 16:26,1,3,302,1
2017-01-01 16:27,1,1,305,1
2017-01-01 16:27,1,2,303,1
2017-01-01 16:27,1,3,305,1
2017-01-01 16:28,1,1,304,1
2017-01-01 16:28,1,2,305,1
2017-01-01 16:28,1,3,304,1
2017-01-01 16:29,1,3,301,1
2017-01-01 16:30,1,1,302,2
2017-01-01 16:31,1,2,302,3
2017-01-01 16:31,1,3,302,2
2017-01-01 16:32,1,1,304,2
2017-01-01 16:32,1,2,305,1
2017-01-01 16:32,1,3,301,1
2017-01-01 16:33,1,1,305,1
2017-01-01 16:33,1,2,303,1
2017-01-01 16:33,1,3,302,1
2017-01-01 16:34,1,1,301,1
2017-01-01 16:34,1,2,302,1
2017-01-01 16:35,1,2,304,1
2017-01-01 16:36,1,1,305,2
2017-01-01 16:36,1,2,302,1
2017-01-01 16:36,1,3,301,3
2017-01-01 16:37,1,2,301,1
2017-01-01 16:37,1,3,303,1
2017-01-01 16:38,1,2,305,1
2017-01-01 16:38,1,3,302,1
2017-01-01 16:39,1,1,304,3
2017-01-01 16:39,1,3,305,1
2017-01-01 16:40,1,1,301,1
2017-01-01 16:41,1,1,304,1
2017-01-01 16:41,1,2,300,3
2017-01-01 16:41,1,3,303,2
2017-01-01 16:42,1,2,301,1
2017-01-01 16:42,1,3,300,1
2017-01-01 16:43,1,1,300,2
2017-01-01 16:43,1,2,302,1
2017-01-01 16:43,1,3,301,1
2017-01-01 16:44,1,1,302,1
2017-01-01 16:44,1,3,302,1
2017-01-01 16:45,1,2,304,2
2017-01-01 16:45,1,3,301,1
2017-01-01 16:46,1,1,304,2
2017-01-01 16:46,1,2,302,1
2017-01-01 16:46,1,3,304,1
2017-01-01 16:47,1,1,305,1
2017-01-01 16:47,1,2,303,1
2017-01-01 16:48,1,1,303,1
2017-01-01 16:48,1,2,300,1
2017-01-01 16:48,1,3,302,2
2017-01-01 16:49,1,1,305,1
2017-01-01 16:49,1,2,302,1
2017-01-01 16:50,1,1,302,1
2017-01-01 16:50,1,2,301,1
2017-01-01 16:50,1,3,305,2
2017-01-01 16:51,1,1,301,1
2017-01-01 16:51,1,2,305,1
2017-01-01 16:51,1,3,302,1
2017-01-01 16:52,1,2,300,1
2017-01-01 16:52,1,3,303,1
2017-01-01 16:53,1,1,300,2
2017-01-01 16:53,1,2,303,1
2017-01-01 16:54,1,1,301,1
2017-01-01 16:54,1,2,304,1
2017-01-01 16:55,1,1,300,1
2017-01-01 16:55,1,2,302,1
2017-01-01 16:55,1,3,302,3
2017-01-01 16:56,1,1,305,1
2017-01-01 16:56,1,2,304,1
2017-01-01 16:56,1,3,304,1
2017-01-01 16:58,1,1,304,2
2017-01-01 16:58,1,2,300,2
2017-01-01 16:58,1,3,303,2
2017-01-01 16:59,1,1,305,1
2017-01-01 16:59,1,2,301,1
2017-01-01 16:59,1,3,304,1
2017-01-01 17:00,1,2,302,1
2017-01-01 17:00,1,3,302,1
2017-01-01 17:01,1,1,302,2
2017-01-01 17:01,1,2,305,1
2017-01-01 17:02,1,1,303,1
2017-01-01 17:02,1,2,304,1
2017-01-01 17:02,1,3,304,2
2017-01-01 17:03,1,1,300,1
2017-01-01 17:03,1,2,303,1
2017-01-01 17:03,1,3,302,1
2017-01-01 17:04,1,3,305,1
2017-01-01 17:05,1,2,302,2
2017-01-01 17:05,1,3,302,1
2017-01-01 17:06,1,1,301,3
2017-01-01 17:06,1,2,304,1
2017-01-01 17:06,1,3,300,1
2017-01-01 17:07,1,1,304,1
2017-01-01 17:07,1,3,305,1
2017-01-01 17:08,1,1,300,1
2017-01-01 17:08,1,2,302,2
2017-01-01 17:08,1,3,301,1
2017-01-01 17:09,1,1,304,1
2017-01-01 17:09,1,2,305,1
2017-01-01 17:09,1,3,302,1
2017-01-01 17:10,1,1,300,1
2017-01-01 17:10,1,2,301,1
2017-01-01 17:10,1,3,301,1
2017-01-01 17:11,1,1,301,1
2017-01-01 17:11,1,2,300,1
2017-01-01 17:11,1,3,303,1
2017-01-01 17:12,1,1,305,1
2017-01-01 17:12,1,2,303,1
2017-01-01 17:12,1,3,305,1
2017-01-01 17:13,1,1,300,1
2017-01-01 17:13,1,3,304,1
2017-01-01 17:14,1,1,303,1
2017-01-01 17:14,1,2,304,2
2017-01-01 17:14,1,3,300,1
2017-01-01 17:15,1,1,305,1
2017-01-01 17:15,1,2,300,1
2017-01-01 17:15,1,3,302,1
2017-01-01 17:16,1,2,301,1
2017-01-01 17:16,1,3,304,1
2017-01-01 17:17,1,1,301,2
2017-01-01 17:17,1,2,304,1
2017-01-01 17:17,1,3,305,1
2017-01-01 17:18,1,1,300,1
2017-01-01 17:18,1,2,301,1
2017-01-01 17:18,1,3,304,1
2017-01-01 17:19,1,1,302,1
2017-01-01 17:19,1,2,304,1
2017-01-01 17:19,1,3,301,1
2017-01-01 17:20,1,1,300,1
2017-01-01 17:20,1,2,302,1
2017-01-01 17:20,1,3,305,1
2017-01-01 17:21,1,1,301,1
2017-01-01 17:21,1,2,303,1
2017-01-01 17:22,1,2,305,1
2017-01-01 17:22,1,3,302,2
2017-01-01 17:23,1,2,304,1
2017-01-01 17:23,1,3,304,1
2017-01-01 17:24,1,1,305,3
2017-01-01 17:24,1,2,301,1
2017-01-01 17:25,1,1,302,1
2017-01-01 17:25,1,3,302,2
2017-01-01 17:26,1,1,303,1
2017-01-01 17:26,1,2,303,2
2017-01-01 17:26,1,3,301,1
2017-01-01 17:27,1,1,305,1
2017-01-01 17:27,1,2,301,1
2017-01-01 17:27,1,3,303,1
2017-01-01 17:28,1,1,301,1
2017-01-01 17:28,1,2,304,1
2017-01-01 17:28,1,3,304,1
2017-01-01 17:29,1,1,305,1
2017-01-01 17:29,1,2,303,1
2017-01-01 17:29,1,3,303,1
2017-01-01 17:30,1,1,303,1
2017-01-01 17:30,1,2,301,1
2017-01-01 17:30,1,3,304,1
2017-01-01 17:31,1,1,301,1
2017-01-01 17:32,1,1,304,1
2017-01-01 17:32,1,2,300,2
2017-01-01 17:32,1,3,301,2
2017-01-01 17:33,1,1,300,1
2017-01-01 17:33,1,3,300,1
2017-01-01 17:34,1,1,302,1
2017-01-01 17:34,1,3,303,1
2017-01-01 17:35,1,1,305,1
2017-01-01 17:35,1,2,304,3
2017-01-01 17:35,1,3,304,1
2017-01-01 17:36,1,1,301,1
2017-01-01 17:36,1,2,303,1
2017-01-01 17:36,1,3,302,1
2017-01-01 17:37,1,1,302,1
2017-01-01 17:37,1,2,301,1
2017-01-01 17:37,1,3,304,1
2017-01-01 17:38,1,2,300,1
2017-01-01 17:38,1,3,305,1
2017-01-01 17:39,1,1,304,2
2017-01-01 17:39,1,2,303,1
2017-01-01 17:40,1,1,303,1
2017-01-01 17:40,1,2,301,1
2017-01-01 17:40,1,3,303,2
2017-01-01 17:41,1,1,302,1
2017-01-01 17:41,1,2,304,1
2017-01-01 17:41,1,3,305,1
2017-01-01 17:42,1,1,300,1
2017-01-01 17:42,1,2,301,1
2017-01-01 17:42,1,3,303,1
2017-01-01 17:43,1,1,304,1
2017-01-01 17:43,1,2,302,1
2017-01-01 17:43,1,3,304,1
2017-01-01 17:44,1,1,301,1
2017-01-01 17:44,1,2,303,1
2017-01-01 17:44,1,3,303,1
2017-01-01 17:45,1,3,302,1
2017-01-01 17:46,1,2,301,2
2017-01-01 17:46,1,3,304,1
2017-01-01 17:47,1,1,305,3
2017-01-01 17:47,1,2,302,1
2017-01-01 17:47,1,3,303,1
2017-01-01 17:48,1,1,304,1
2017-01-01 17:48,1,2,303,1
2017-01-01 17:48,1,3,304,1
2017-01-01 17:49,1,2,304,1
2017-01-01 17:50,1,1,301,2
2017-01-01 17:50,1,3,305,2
2017-01-01 17:51,1,1,304,1
2017-01-01 17:51,1,2,301,2
2017-01-01 17:51,1,3,304,1
2017-01-01 17:52,1,1,300,1
2017-01-01 17:52,1,2,303,1
2017-01-01 17:52,1,3,303,1
2017-01-01 17:53,1,1,305,1
2017-01-01 17:53,1,2,304,1
2017-01-01 17:53,1,3,304,1
2017-01-01 17:54,1,1,301,1
2017-01-01 17:54,1,2,303,1
2017-01-01 17:54,1,3,302,1
2017-01-01 17:55,1,1,302,1
2017-01-01 17:55,1,2,304,1
2017-01-01 17:55,1,3,300,1
2017-01-01 17:56,1,1,304,1
2017-01-01 17:56,1,2,302,1
2017-01-01 17:57,1,1,300,1
2017-01-01 17:57,1,2,301,1
2017-01-01 17:57,1,3,304,2
2017-01-01 17:58,1,1,305,1
2017-01-01 17:58,1,2,305,1
2017-01-01 17:59,1,1,302,1
2017-01-01 17:59,1,2,300,1
2017-01-01 17:59,1,3,303,2
2017-01-01 18:00,1,1,304,1
2017-01-01 18:00,1,2,302,1
2017-01-01 18:00,1,3,300,1
2017-01-01 18:01,1,1,303,1
2017-01-01 18:01,1,2,300,1
2017-01-01 18:01,1,3,304,1
2017-01-01 18:02,1,1,305,1
2017-01-01 18:02,1,2,305,1
2017-01-01 18:02,1,3,305,1
2017-01-01 18:03,1,1,303,1
2017-01-01 18:03,1,2,300,1
2017-01-01 18:03,1,3,302,1
2017-01-01 18:04,1,1,300,1
2017-01-01 18:04,1,2,301,1
2017-01-01 18:04,1,3,305,1
2017-01-01 18:05,1,1,303,1
2017-01-01 18:05,1,2,303,1
2017-01-01 18:05,1,3,300,1
2017-01-01 18:06,1,1,300,1
2017-01-01 18:06,1,2,302,1
2017-01-01 18:06,1,3,303,1
2017-01-01 18:07,1,1,301,1
2017-01-01 18:07,1,2,301,1
2017-01-01 18:07,1,3,301,1
2017-01-01 18:08,1,1,304,1
2017-01-01 18:08,1,2,303,1
2017-01-01 18:08,1,3,302,1
2017-01-01 18:09,1,1,302,1
2017-01-01 18:09,1,2,300,1
2017-01-01 18:09,1,3,304,1
2017-01-01 18:10,1,1,304,1
2017-01-01 18:10,1,2,303,1
2017-01-01 18:10,1,3,303,1
2017-01-01 18:11,1,2,304,1
2017-01-01 18:11,1,3,302,1
2017-01-01 18:12,1,1,303,2
2017-01-01 18:12,1,2,302,1
2017-01-01 18:12,1,3,301,1
2017-01-01 18:13,1,1,305,1
2017-01-01 18:13,1,2,301,1
2017-01-01 18:13,1,3,304,1
2017-01-01 18:14,1,2,302,1
2017-01-01 18:14,1,3,300,1
2017-01-01 18:15,1,1,300,2
2017-01-01 18:15,1,2,304,1
2017-01-01 18:15,1,3,305,1
2017-01-01 18:16,1,1,301,1
2017-01-01 18:16,1,2,302,1
2017-01-01 18:16,1,3,302,1
2017-01-01 18:17,1,1,305,1
2017-01-01 18:17,1,2,303,1
2017-01-01 18:17,1,3,304,1
2017-01-01 18:18,1,1,304,1
2017-01-01 18:18,1,2,301,1
2017-01-01 18:18,1,3,303,1
2017-01-01 18:19,1,1,300,1
2017-01-01 18:19,1,2,302,1
2017-01-01 18:19,1,3,300,1
2017-01-01 18:20,1,1,301,1
2017-01-01 18:20,1,2,305,1
2017-01-01 18:20,1,3,304,1
2017-01-01 18:21,1,1,302,1
2017-01-01 18:21,1,2,304,1
2017-01-01 18:21,1,3,303,1
2017-01-01 18:22,1,1,305,1
2017-01-01 18:22,1,2,303,1
2017-01-01 18:22,1,3,304,1
2017-01-01 18:23,1,1,301,1
2017-01-01 18:23,1,2,302,1
2017-01-01 18:23,1,3,302,1
2017-01-01 18:24,1,1,304,1
2017-01-01 18:24,1,2,305,1
2017-01-01 18:24,1,3,304,1
2017-01-01 18:25,1,1,302,1
2017-01-01 18:25,1,2,304,1
2017-01-01 18:25,1,3,301,1
2017-01-01 18:26,1,2,303,1
2017-01-01 18:26,1,3,302,1
2017-01-01 18:27,1,1,300,2
2017-01-01 18:27,1,2,300,1
2017-01-01 18:28,1,1,305,1
2017-01-01 18:28,1,2,303,1
2017-01-01 18:28,1,3,305,2
2017-01-01 18:29,1,1,300,1
2017-01-01 18:29,1,2,300,1
2017-01-01 18:29,1,3,304,1
2017-01-01 18:30,1,3,302,1
2017-01-01 18:31,1,1,304,2
2017-01-01 18:31,1,2,305,2
2017-01-01 18:31,1,3,304,1
2017-01-01 18:32,1,1,300,1
2017-01-01 18:32,1,2,304,1
2017-01-01 18:32,1,3,303,1
2017-01-01 18:33,1,3,301,1
2017-01-01 18:34,1,1,302,2
2017-01-01 18:34,1,2,300,2
2017-01-01 18:34,1,3,303,1
2017-01-01 18:35,1,2,304,1
2017-01-01 18:35,1,3,300,1
2017-01-01 18:36,1,1,304,2
2017-01-01 18:36,1,2,300,1
2017-01-01 18:36,1,3,301,1
2017-01-01 18:37,1,1,301,1
2017-01-01 18:37,1,2,302,1
2017-01-01 18:37,1,3,305,1
2017-01-01 18:38,1,2,305,1
2017-01-01 18:39,1,2,304,1
2017-01-01 18:39,1,3,304,2
2017-01-01 18:40,1,2,305,1
2017-01-01 18:40,1,3,300,1
2017-01-01 18:41,1,3,304,1
2017-01-01 18:42,1,1,305,5
2017-01-01 18:42,1,2,304,2
2017-01-01 18:42,1,3,302,1
2017-01-01 18:43,1,1,302,1
2017-01-01 18:43,1,2,302,1
2017-01-01 18:43,1,3,305,1
2017-01-01 18:44,1,1,300,1
2017-01-01 18:44,1,2,303,1
2017-01-01 18:44,1,3,304,1
2017-01-01 18:45,1,1,301,1
2017-01-01 18:45,1,2,305,1
2017-01-01 18:45,1,3,305,1
2017-01-01 18:46,1,1,305,1
2017-01-01 18:46,1,3,300,1
2017-01-01 18:47,1,1,303,1
2017-01-01 18:47,1,2,300,2
2017-01-01 18:47,1,3,305,1
2017-01-01 18:48,1,1,304,1
2017-01-01 18:48,1,3,304,1
2017-01-01 18:49,1,1,301,1
2017-01-01 18:49,1,2,301,2
2017-01-01 18:49,1,3,300,1
2017-01-01 18:50,1,1,304,1
2017-01-01 18:50,1,2,300,1
2017-01-01 18:50,1,3,305,1
2017-01-01 18:51,1,1,300,1
2017-01-01 18:52,1,1,301,1
2017-01-01 18:52,1,2,305,2
2017-01-01 18:53,1,1,302,1
2017-01-01 18:53,1,2,303,1
2017-01-01 18:53,1,3,304,3
2017-01-01 18:54,1,1,301,1
2017-01-01 18:54,1,2,301,1
2017-01-01 18:54,1,3,305,1
2017-01-01 18:55,1,1,304,1
2017-01-01 18:55,1,2,304,1
2017-01-01 18:55,1,3,303,1
2017-01-01 18:56,1,1,305,1
2017-01-01 18:56,1,2,305,1
2017-01-01 18:57,1,1,300,1
2017-01-01 18:57,1,2,302,1
2017-01-01 18:57,1,3,305,2
2017-01-01 18:58,1,1,304,1
2017-01-01 18:58,1,2,305,1
2017-01-01 18:58,1,3,303,1
2017-01-01 18:59,1,2,301,1
2017-01-01 18:59,1,3,300,1
2017-01-01 19:00,1,2,305,1
2017-01-01 19:00,1,3,304,1
2017-01-01 19:01,1,2,303,1
2017-01-01 19:01,1,3,302,1
2017-01-01 19:02,1,1,303,4
2017-01-01 19:02,1,2,302,1
2017-01-01 19:02,1,3,305,1
2017-01-01 19:03,1,1,305,1
2017-01-01 19:03,1,2,303,1
2017-01-01 19:03,1,3,300,1
2017-01-01 19:04,1,1,301,1
2017-01-01 19:04,1,2,301,1
2017-01-01 19:04,1,3,303,1
2017-01-01 19:05,1,3,305,1
2017-01-01 19:06,1,1,303,2
2017-01-01 19:06,1,2,303,2
2017-01-01 19:07,1,1,300,1
2017-01-01 19:07,1,2,301,1
2017-01-01 19:07,1,3,303,2
2017-01-01 19:08,1,2,304,1
2017-01-01 19:08,1,3,304,1
2017-01-01 19:09,1,1,302,2
2017-01-01 19:09,1,2,305,1
2017-01-01 19:09,1,3,303,1
2017-01-01 19:10,1,1,304,1
2017-01-01 19:10,1,2,300,1
2017-01-01 19:10,1,3,300,1
2017-01-01 19:11,1,1,303,1
2017-01-01 19:11,1,2,304,1
2017-01-01 19:11,1,3,303,1
2017-01-01 19:12,1,1,304,1
2017-01-01 19:12,1,2,303,1
2017-01-01 19:12,1,3,300,1
2017-01-01 19:13,1,1,303,1
2017-01-01 19:13,1,2,300,1
2017-01-01 19:13,1,3,304,1
2017-01-01 19:14,1,1,301,1
2017-01-01 19:14,1,2,301,1
2017-01-01 19:14,1,3,301,1
2017-01-01 19:15,1,1,303,1
2017-01-01 19:15,1,2,304,1
2017-01-01 19:15,1,3,303,1
2017-01-01 19:16,1,1,302,1
2017-01-01 19:16,1,2,302,1
2017-01-01 19:16,1,3,300,1
2017-01-01 19:17,1,1,301,1
2017-01-01 19:17,1,2,305,1
2017-01-01 19:17,1,3,301,1
2017-01-01 19:18,1,1,300,1
2017-01-01 19:18,1,2,302,1
2017-01-01 19:18,1,3,305,1
2017-01-01 19:19,1,1,301,1
2017-01-01 19:19,1,2,305,1
2017-01-01 19:20,1,1,303,1
2017-01-01 19:20,1,2,302,1
2017-01-01 19:20,1,3,303,2
2017-01-01 19:21,1,1,300,1
2017-01-01 19:21,1,2,301,1
2017-01-01 19:21,1,3,304,1
2017-01-01 19:22,1,1,304,1
2017-01-01 19:22,1,2,303,1
2017-01-01 19:22,1,3,303,1
2017-01-01 19:23,1,1,303,1
2017-01-01 19:23,1,2,301,1
2017-01-01 19:24,1,1,301,1
2017-01-01 19:24,1,2,303,1
2017-01-01 19:24,1,3,305,2
2017-01-01 19:25,1,1,303,1
2017-01-01 19:25,1,2,304,1
2017-01-01 19:25,1,3,304,1
2017-01-01 19:26,1,1,300,1
2017-01-01 19:26,1,2,300,1
2017-01-01 19:26,1,3,300,1
2017-01-01 19:27,1,2,302,1
2017-01-01 19:27,1,3,304,1
2017-01-01 19:28,1,1,302,2
2017-01-01 19:28,1,2,300,1
2017-01-01 19:29,1,1,303,1
2017-01-01 19:29,1,2,301,1
2017-01-01 19:29,1,3,300,2
2017-01-01 19:30,1,1,302,1
2017-01-01 19:31,1,1,301,1
2017-01-01 19:31,1,2,303,2
2017-01-01 19:31,1,3,303,2
2017-01-01 19:32,1,1,300,1
2017-01-01 19:32,1,2,301,1
2017-01-01 19:32,1,3,304,1
2017-01-01 19:33,1,2,305,1
2017-01-01 19:33,1,3,301,1
2017-01-01 19:34,1,2,301,1
2017-01-01 19:34,1,3,302,1
2017-01-01 19:35,1,2,303,1
2017-01-01 19:35,1,3,303,1
2017-01-01 19:36,1,1,302,4
2017-01-01 19:36,1,2,301,1
2017-01-01 19:37,1,2,303,1
2017-01-01 19:38,1,1,304,2
2017-01-01 19:38,1,2,300,1
2017-01-01 19:38,1,3,301,3
2017-01-01 19:39,1,1,300,1
2017-01-01 19:39,1,2,302,1
2017-01-01 19:40,1,1,305,1
2017-01-01 19:40,1,2,301,1
2017-01-01 19:40,1,3,305,2
2017-01-01 19:41,1,1,300,1
2017-01-01 19:41,1,2,303,1
2017-01-01 19:41,1,3,301,1
2017-01-01 19:42,1,1,304,1
2017-01-01 19:42,1,2,305,1
2017-01-01 19:42,1,3,305,1
2017-01-01 19:43,1,1,301,1
2017-01-01 19:43,1,2,301,1
2017-01-01 19:43,1,3,300,1
2017-01-01 19:44,1,1,305,1
2017-01-01 19:45,1,1,303,1
2017-01-01 19:45,1,2,305,2
2017-01-01 19:45,1,3,303,2
2017-01-01 19:46,1,1,300,1
2017-01-01 19:46,1,2,303,1
2017-01-01 19:46,1,3,302,1
2017-01-01 19:47,1,1,301,1
2017-01-01 19:47,1,2,301,1
2017-01-01 19:48,1,1,302,1
2017-01-01 19:48,1,2,304,1
2017-01-01 19:48,1,3,305,2
2017-01-01 19:49,1,1,300,1
2017-01-01 19:49,1,2,302,1
2017-01-01 19:50,1,2,303,1
2017-01-01 19:50,1,3,302,2
2017-01-01 19:51,1,1,303,2
2017-01-01 19:51,1,2,301,1
2017-01-01 19:51,1,3,303,1
2017-01-01 19:52,1,1,300,1
2017-01-01 19:52,1,2,303,1
2017-01-01 19:52,1,3,305,1
2017-01-01 19:53,1,1,303,1
2017-01-01 19:53,1,2,301,1
2017-01-01 19:53,1,3,303,1
2017-01-01 19:54,1,1,302,1
2017-01-01 19:54,1,2,303,1
2017-01-01 19:54,1,3,304,1
2017-01-01 19:55,1,1,304,1
2017-01-01 19:55,1,2,302,1
2017-01-01 19:56,1,1,300,1
2017-01-01 19:56,1,2,303,1
2017-01-01 19:56,1,3,301,2
2017-01-01 19:57,1,1,302,1
2017-01-01 19:57,1,3,302,1
2017-01-01 19:58,1,1,305,1
2017-01-01 19:58,1,2,302,2
2017-01-01 19:58,1,3,301,1
2017-01-01 19:59,1,2,300,1
2017-01-01 19:59,1,3,304,1
2017-01-01 20:00,1,1,302,2
2017-01-01 20:00,1,2,303,1
2017-01-01 20:01,1,1,305,1
2017-01-01 20:01,1,2,301,1
2017-01-01 20:02,1,1,300,1
2017-01-01 20:02,1,2,305,1
2017-01-01 20:02,1,3,301,3
2017-01-01 20:03,1,1,301,1
2017-01-01 20:03,1,2,302,1
2017-01-01 20:03,1,3,305,1
2017-01-01 20:04,1,1,303,1
2017-01-01 20:04,1,2,303,1
2017-01-01 20:05,1,1,305,1
2017-01-01 20:05,1,2,305,1
2017-01-01 20:05,1,3,300,2
2017-01-01 20:06,1,1,302,1
2017-01-01 20:06,1,2,300,1
2017-01-01 20:06,1,3,305,1
2017-01-01 20:07,1,2,302,1
2017-01-01 20:07,1,3,304,1
2017-01-01 20:08,1,2,304,1
2017-01-01 20:08,1,3,305,1
2017-01-01 20:09,1,1,304,3
2017-01-01 20:09,1,2,302,1
2017-01-01 20:09,1,3,301,1
2017-01-01 20:10,1,1,305,1
2017-01-01 20:10,1,2,301,1
2017-01-01 20:10,1,3,302,1
2017-01-01 20:11,1,1,304,1
2017-01-01 20:11,1,3,300,1
2017-01-01 20:12,1,1,302,1
2017-01-01 20:12,1,2,303,2
2017-01-01 20:13,1,1,300,1
2017-01-01 20:13,1,2,301,1
2017-01-01 20:13,1,3,305,2
2017-01-01 20:14,1,2,302,1
2017-01-01 20:14,1,3,301,1
2017-01-01 20:15,1,1,302,2
2017-01-01 20:15,1,2,304,1
2017-01-01 20:15,1,3,302,1
2017-01-01 20:16,1,1,304,1
2017-01-01 20:16,1,2,301,1
2017-01-01 20:16,1,3,301,1
2017-01-01 20:17,1,1,301,1
2017-01-01 20:17,1,2,302,1
2017-01-01 20:17,1,3,303,1
2017-01-01 20:18,1,1,302,1
2017-01-01 20:18,1,2,300,1
2017-01-01 20:18,1,3,301,1
2017-01-01 20:19,1,1,305,1
2017-01-01 20:19,1,2,303,1
2017-01-01 20:20,1,2,302,1
2017-01-01 20:20,1,3,302,2
2017-01-01 20:21,1,1,300,2
2017-01-01 20:21,1,2,305,1
2017-01-01 20:21,1,3,300,1
2017-01-01 20:22,1,1,302,1
2017-01-01 20:22,1,2,304,1
2017-01-01 20:23,1,1,304,1
2017-01-01 20:23,1,2,302,1
2017-01-01 20:23,1,3,305,2
2017-01-01 20:24,1,1,303,1
2017-01-01 20:24,1,2,304,1
2017-01-01 20:24,1,3,303,1
2017-01-01 20:25,1,1,302,1
2017-01-01 20:25,1,2,303,1
2017-01-01 20:25,1,3,300,1
2017-01-01 20:26,1,1,301,1
2017-01-01 20:26,1,2,301,1
2017-01-01 20:26,1,3,304,1
2017-01-01 20:27,1,1,302,1
2017-01-01 20:27,1,2,302,1
2017-01-01 20:27,1,3,300,1
2017-01-01 20:28,1,1,300,1
2017-01-01 20:28,1,2,304,1
2017-01-01 20:28,1,3,304,1
2017-01-01 20:29,1,1,302,1
2017-01-01 20:29,1,3,300,1
2017-01-01 20:30,1,1,303,1
2017-01-01 20:30,1,2,303,2
2017-01-01 20:30,1,3,303,1
2017-01-01 20:31,1,1,302,1
2017-01-01 20:31,1,2,304,1
2017-01-01 20:31,1,3,305,1
2017-01-01 20:32,1,1,304,1
2017-01-01 20:32,1,2,303,1
2017-01-01 20:32,1,3,302,1
2017-01-01 20:33,1,2,302,1
2017-01-01 20:33,1,3,304,1
2017-01-01 20:34,1,1,301,2
2017-01-01 20:34,1,2,303,1
2017-01-01 20:35,1,1,304,1
2017-01-01 20:35,1,2,302,1
2017-01-01 20:35,1,3,300,2
2017-01-01 20:36,1,1,301,1
2017-01-01 20:36,1,2,304,1
2017-01-01 20:36,1,3,305,1
2017-01-01 20:37,1,1,305,1
2017-01-01 20:37,1,2,300,1
2017-01-01 20:37,1,3,300,1
2017-01-01 20:38,1,1,300,1
2017-01-01 20:38,1,2,302,1
2017-01-01 20:38,1,3,304,1
2017-01-01 20:39,1,1,302,1
2017-01-01 20:39,1,2,301,1
2017-01-01 20:39,1,3,303,1
2017-01-01 20:40,1,1,301,1
2017-01-01 20:40,1,3,304,1
2017-01-01 20:41,1,1,305,1
2017-01-01 20:41,1,2,302,2
2017-01-01 20:42,1,1,304,1
2017-01-01 20:42,1,3,305,2
2017-01-01 20:43,1,1,305,1
2017-01-01 20:43,1,3,302,1
2017-01-01 20:44,1,1,300,1
2017-01-01 20:44,1,2,304,3
2017-01-01 20:45,1,1,303,1
2017-01-01 20:45,1,3,303,2
2017-01-01 20:46,1,1,305,1
2017-01-01 20:46,1,2,301,2
2017-01-01 20:47,1,1,301,1
2017-01-01 20:47,1,2,304,1
2017-01-01 20:47,1,3,304,2
2017-01-01 20:48,1,1,302,1
2017-01-01 20:49,1,1,303,1
2017-01-01 20:49,1,2,301,2
2017-01-01 20:49,1,3,305,2
2017-01-01 20:50,1,1,305,1
2017-01-01 20:50,1,2,300,1
2017-01-01 20:50,1,3,302,1
2017-01-01 20:51,1,1,303,1
2017-01-01 20:51,1,2,304,1
2017-01-01 20:51,1,3,304,1
2017-01-01 20:52,1,1,300,1
2017-01-01 20:52,1,2,302,1
2017-01-01 20:52,1,3,305,1
2017-01-01 20:53,1,2,304,1
2017-01-01 20:53,1,3,302,1
2017-01-01 20:54,1,1,304,2
2017-01-01 20:54,1,2,302,1
2017-01-01 20:54,1,3,304,1
2017-01-01 20:55,1,1,300,1
2017-01-01 20:55,1,2,301,1
2017-01-01 20:55,1,3,305,1
2017-01-01 20:56,1,1,305,1
2017-01-01 20:56,1,3,303,1
2017-01-01 20:57,1,1,302,1
2017-01-01 20:57,1,3,300,1
2017-01-01 20:58,1,1,303,1
2017-01-01 20:58,1,2,305,3
2017-01-01 20:58,1,3,301,1
2017-01-01 20:59,1,1,301,1
2017-01-01 20:59,1,2,301,1
2017-01-01 20:59,1,3,302,1
2017-01-01 21:00,1,1,304,1
2017-01-01 21:00,1,2,300,1
2017-01-01 21:00,1,3,305,1
2017-01-01 21:01,1,1,301,1
2017-01-01 21:01,1,2,301,1
2017-01-01 21:01,1,3,301,1
2017-01-01 21:02,1,1,300,1
2017-01-01 21:02,1,2,304,1
2017-01-01 21:02,1,3,300,1
2017-01-01 21:03,1,2,300,1
2017-01-01 21:03,1,3,304,1
2017-01-01 21:04,1,1,303,2
2017-01-01 21:04,1,2,304,1
2017-01-01 21:04,1,3,301,1
2017-01-01 21:05,1,1,301,1
2017-01-01 21:05,1,2,305,1
2017-01-01 21:05,1,3,300,1
2017-01-01 21:06,1,3,304,1
2017-01-01 21:07,1,1,300,2
2017-01-01 21:07,1,2,302,2
2017-01-01 21:08,1,1,304,1
2017-01-01 21:08,1,2,303,1
2017-01-01 21:08,1,3,303,2
2017-01-01 21:09,1,1,302,1
2017-01-01 21:09,1,2,304,1
2017-01-01 21:09,1,3,300,1
2017-01-01 21:10,1,2,302,1
2017-01-01 21:10,1,3,302,1
2017-01-01 21:11,1,1,305,2
2017-01-01 21:11,1,3,305,1
2017-01-01 21:12,1,1,300,1
2017-01-01 21:12,1,2,305,2
2017-01-01 21:12,1,3,303,1
2017-01-01 21:13,1,2,304,1
2017-01-01 21:13,1,3,300,1
2017-01-01 21:14,1,2,300,1
2017-01-01 21:14,1,3,304,1
2017-01-01 21:15,1,1,304,3
2017-01-01 21:15,1,2,301,1
2017-01-01 21:15,1,3,300,1
2017-01-01 21:16,1,1,300,1
2017-01-01 21:16,1,2,302,1
2017-01-01 21:16,1,3,303,1
2017-01-01 21:17,1,1,303,1
2017-01-01 21:17,1,2,304,1
2017-01-01 21:17,1,3,302,1
2017-01-01 21:18,1,1,300,1
2017-01-01 21:18,1,2,300,1
2017-01-01 21:18,1,3,301,1
2017-01-01 21:19,1,1,305,1
2017-01-01 21:19,1,2,304,1
2017-01-01 21:19,1,3,303,1
2017-01-01 21:20,1,2,302,1
2017-01-01 21:20,1,3,300,1
2017-01-01 21:21,1,1,300,2
2017-01-01 21:21,1,2,300,1
2017-01-01 21:21,1,3,301,1
2017-01-01 21:22,1,1,303,1
2017-01-01 21:22,1,2,305,1
2017-01-01 21:23,1,2,304,1
2017-01-01 21:23,1,3,304,2
2017-01-01 21:24,1,1,301,2
2017-01-01 21:24,1,2,300,1
2017-01-01 21:24,1,3,300,1
2017-01-01 21:25,1,1,305,1
2017-01-01 21:25,1,2,304,1
2017-01-01 21:25,1,3,303,1
2017-01-01 21:26,1,1,301,1
2017-01-01 21:26,1,2,301,1
2017-01-01 21:27,1,1,305,1
2017-01-01 21:27,1,3,305,2
2017-01-01 21:28,1,1,303,1
2017-01-01 21:28,1,2,305,2
2017-01-01 21:28,1,3,301,1
2017-01-01 21:29,1,1,302,1
2017-01-01 21:29,1,2,303,1
2017-01-01 21:30,1,1,303,1
2017-01-01 21:30,1,2,305,1
2017-01-01 21:30,1,3,302,2
2017-01-01 21:31,1,1,304,1
2017-01-01 21:31,1,2,303,1
2017-01-01 21:31,1,3,301,1
2017-01-01 21:32,1,1,300,1
2017-01-01 21:32,1,2,300,1
2017-01-01 21:33,1,1,303,1
2017-01-01 21:33,1,2,302,1
2017-01-01 21:33,1,3,304,2
2017-01-01 21:34,1,1,305,1
2017-01-01 21:34,1,3,302,1
2017-01-01 21:35,1,1,302,1
2017-01-01 21:35,1,2,301,2
2017-01-01 21:36,1,2,304,1
2017-01-01 21:36,1,3,303,2
2017-01-01 21:37,1,1,300,2
2017-01-01 21:37,1,2,305,1
2017-01-01 21:37,1,3,302,1
2017-01-01 21:38,1,1,301,1
2017-01-01 21:39,1,1,302,1
2017-01-01 21:39,1,3,303,2
2017-01-01 21:40,1,1,303,1
2017-01-01 21:40,1,2,303,3
2017-01-01 21:40,1,3,300,1
2017-01-01 21:41,1,1,305,1
2017-01-01 21:41,1,3,302,1
2017-01-01 21:42,1,1,303,1
2017-01-01 21:42,1,2,305,2
2017-01-01 21:43,1,1,302,1
2017-01-01 21:43,1,2,300,1
2017-01-01 21:43,1,3,304,2
2017-01-01 21:44,1,1,303,1
2017-01-01 21:44,1,2,303,1
2017-01-01 21:44,1,3,305,1
2017-01-01 21:45,1,2,302,1
2017-01-01 21:45,1,3,302,1
2017-01-01 21:46,1,1,305,2
2017-01-01 21:46,1,2,303,1
2017-01-01 21:47,1,1,300,1
2017-01-01 21:47,1,3,301,2
2017-01-01 21:48,1,1,305,1
2017-01-01 21:48,1,2,305,2
2017-01-01 21:48,1,3,304,1
2017-01-01 21:49,1,1,303,1
2017-01-01 21:49,1,2,304,1
2017-01-01 21:49,1,3,300,1
2017-01-01 21:50,1,1,305,1
2017-01-01 21:50,1,2,303,1
2017-01-01 21:50,1,3,301,1
2017-01-01 21:51,1,1,301,1
2017-01-01 21:51,1,2,305,1
2017-01-01 21:52,1,1,305,1
2017-01-01 21:52,1,2,300,1
2017-01-01 21:52,1,3,300,2
2017-01-01 21:53,1,1,300,1
2017-01-01 21:53,1,2,304,1
2017-01-01 21:53,1,3,305,1
2017-01-01 21:54,1,1,303,1
2017-01-01 21:54,1,3,303,1
2017-01-01 21:55,1,1,304,1
2017-01-01 21:55,1,2,305,2
2017-01-01 21:55,1,3,300,1
2017-01-01 21:56,1,1,302,1
2017-01-01 21:56,1,2,301,1
2017-01-01 21:56,1,3,301,1
2017-01-01 21:57,1,1,305,1
2017-01-01 21:57,1,2,304,1
2017-01-01 21:57,1,3,303,1
2017-01-01 21:58,1,1,303,1
2017-01-01 21:58,1,2,303,1
2017-01-01 21:58,1,3,301,1
2017-01-01 21:59,1,1,305,1
2017-01-01 21:59,1,3,302,1
2017-01-01 22:00,1,1,304,1
2017-01-01 22:00,1,2,304,2
2017-01-01 22:00,1,3,301,1
2017-01-01 22:01,1,1,305,1
2017-01-01 22:01,1,3,305,1
2017-01-01 22:02,1,1,301,1
2017-01-01 22:02,1,3,301,1
2017-01-01 22:03,1,1,300,1
2017-01-01 22:03,1,2,305,3
2017-01-01 22:03,1,3,305,1
2017-01-01 22:04,1,1,302,1
2017-01-01 22:04,1,3,304,1
2017-01-01 22:05,1,1,301,1
2017-01-01 22:05,1,2,300,2
2017-01-01 22:05,1,3,300,1
2017-01-01 22:06,1,1,302,1
2017-01-01 22:06,1,2,305,1
2017-01-01 22:06,1,3,305,1
2017-01-01 22:07,1,1,305,1
2017-01-01 22:07,1,2,301,1
2017-01-01 22:08,1,1,300,1
2017-01-01 22:08,1,2,300,1
2017-01-01 22:08,1,3,300,2
2017-01-01 22:09,1,1,305,1
2017-01-01 22:09,1,2,302,1
2017-01-01 22:10,1,1,303,1
2017-01-01 22:10,1,3,304,2
2017-01-01 22:11,1,1,302,1
2017-01-01 22:11,1,3,302,1
2017-01-01 22:12,1,1,304,1
2017-01-01 22:12,1,2,303,3
2017-01-01 22:12,1,3,301,1
2017-01-01 22:13,1,1,301,1
2017-01-01 22:13,1,2,301,1
2017-01-01 22:13,1,3,302,1
2017-01-01 22:14,1,1,300,1
2017-01-01 22:15,1,1,301,1
2017-01-01 22:15,1,2,303,2
2017-01-01 22:15,1,3,303,2
2017-01-01 22:16,1,1,302,1
2017-01-01 22:16,1,2,300,1
2017-01-01 22:16,1,3,300,1
2017-01-01 22:17,1,1,301,1
2017-01-01 22:18,1,1,305,1
2017-01-01 22:18,1,2,301,2
2017-01-01 22:19,1,1,302,1
2017-01-01 22:19,1,2,305,1
2017-01-01 22:19,1,3,302,3
2017-01-01 22:20,1,1,303,1
2017-01-01 22:20,1,2,302,1
2017-01-01 22:20,1,3,300,1
2017-01-01 22:21,1,1,300,1
2017-01-01 22:21,1,2,303,1
2017-01-01 22:22,1,1,303,1
2017-01-01 22:22,1,2,301,1
2017-01-01 22:22,1,3,305,2
2017-01-01 22:23,1,1,304,1
2017-01-01 22:23,1,2,304,1
2017-01-01 22:23,1,3,302,1
2017-01-01 22:24,1,1,301,1
2017-01-01 22:24,1,2,302,1
2017-01-01 22:25,1,1,305,1
2017-01-01 22:25,1,3,303,2
2017-01-01 22:26,1,1,300,1
2017-01-01 22:26,1,2,305,2
2017-01-01 22:26,1,3,305,1
2017-01-01 22:27,1,1,304,1
2017-01-01 22:27,1,2,302,1
2017-01-01 22:27,1,3,302,1
2017-01-01 22:28,1,1,301,1
2017-01-01 22:28,1,2,303,1
2017-01-01 22:28,1,3,301,1
2017-01-01 22:29,1,1,305,1
2017-01-01 22:29,1,2,300,1
2017-01-01 22:30,1,1,300,1
2017-01-01 22:30,1,3,303,2
2017-01-01 22:31,1,1,302,1
2017-01-01 22:31,1,2,301,2
2017-01-01 22:32,1,1,300,1
2017-01-01 22:32,1,2,303,1
2017-01-01 22:33,1,1,304,1
2017-01-01 22:33,1,2,301,1
2017-01-01 22:33,1,3,301,3
2017-01-01 22:34,1,2,303,1
2017-01-01 22:34,1,3,305,1
2017-01-01 22:35,1,2,305,1
2017-01-01 22:35,1,3,302,1
2017-01-01 22:36,1,1,301,3
2017-01-01 22:36,1,2,303,1
2017-01-01 22:36,1,3,304,1
2017-01-01 22:37,1,2,305,1
2017-01-01 22:37,1,3,305,1
2017-01-01 22:38,1,2,300,1
2017-01-01 22:38,1,3,302,1
2017-01-01 22:39,1,1,303,3
2017-01-01 22:39,1,2,301,1
2017-01-01 22:39,1,3,301,1
2017-01-01 22:41,1,3,303,2
2017-01-01 22:42,1,1,300,3
2017-01-01 22:42,1,2,302,3
2017-01-01 22:42,1,3,302,1
2017-01-01 22:43,1,1,302,1
2017-01-01 22:43,1,2,304,1
2017-01-01 22:43,1,3,305,1
2017-01-01 22:44,1,1,304,1
2017-01-01 22:44,1,2,301,1
2017-01-01 22:45,1,2,304,1
2017-01-01 22:45,1,3,303,2
2017-01-01 22:46,1,1,302,2
2017-01-01 22:46,1,2,302,1
2017-01-01 22:46,1,3,302,1
2017-01-01 22:47,1,1,300,1
2017-01-01 22:47,1,2,305,1
2017-01-01 22:47,1,3,303,1
2017-01-01 22:48,1,1,305,1
2017-01-01 22:48,1,2,301,1
2017-01-01 22:48,1,3,302,1
2017-01-01 22:49,1,1,301,1
2017-01-01 22:49,1,2,300,1
2017-01-01 22:49,1,3,300,1
2017-01-01 22:50,1,1,304,1
2017-01-01 22:50,1,2,302,1
2017-01-01 22:50,1,3,303,1
2017-01-01 22:52,1,1,301,2
2017-01-01 22:52,1,2,303,2
2017-01-01 22:52,1,3,304,2
2017-01-01 22:53,1,1,305,1
2017-01-01 22:53,1,2,304,1
2017-01-01 22:53,1,3,303,1
2017-01-01 22:54,1,1,303,1
2017-01-01 22:54,1,2,302,1
2017-01-01 22:54,1,3,305,1
2017-01-01 22:55,1,1,302,1
2017-01-01 22:56,1,1,305,1
2017-01-01 22:56,1,2,300,2
2017-01-01 22:56,1,3,301,2
2017-01-01 22:57,1,1,300,1
2017-01-01 22:57,1,3,300,1
2017-01-01 22:58,1,1,304,1
2017-01-01 22:58,1,2,302,2
2017-01-01 22:59,1,1,305,1
2017-01-01 22:59,1,2,304,1
2017-01-01 22:59,1,3,305,2
2017-01-01 23:00,1,1,300,1
2017-01-01 23:00,1,3,303,1
2017-01-01 23:01,1,1,305,1
2017-01-01 23:01,1,3,301,1
2017-01-01 23:02,1,1,302,1
2017-01-01 23:02,1,2,300,3
2017-01-01 23:02,1,3,304,1
2017-01-01 23:03,1,1,304,1
2017-01-01 23:03,1,2,303,1
2017-01-01 23:03,1,3,300,1
2017-01-01 23:04,1,1,300,1
2017-01-01 23:04,1,2,300,1
2017-01-01 23:04,1,3,304,1
2017-01-01 23:05,1,1,304,1
2017-01-01 23:05,1,2,301,1
2017-01-01 23:05,1,3,302,1
2017-01-01 23:06,1,1,302,1
2017-01-01 23:06,1,3,305,1
2017-01-01 23:08,1,1,304,2
2017-01-01 23:08,1,2,305,3
2017-01-01 23:08,1,3,302,2
2017-01-01 23:09,1,2,300,1
2017-01-01 23:10,1,1,303,2
2017-01-01 23:10,1,2,301,1
2017-01-01 23:10,1,3,300,2
2017-01-01 23:11,1,1,301,1
2017-01-01 23:11,1,2,302,1
2017-01-01 23:11,1,3,305,1
2017-01-01 23:12,1,1,302,1
2017-01-01 23:12,1,2,301,1
2017-01-01 23:12,1,3,304,1
2017-01-01 23:13,1,1,301,1
2017-01-01 23:13,1,2,302,1
2017-01-01 23:13,1,3,302,1
2017-01-01 23:14,1,3,303,1
2017-01-01 23:15,1,1,305,2
2017-01-01 23:15,1,3,305,1
2017-01-01 23:16,1,1,301,1
2017-01-01 23:16,1,2,304,3
2017-01-01 23:16,1,3,303,1
2017-01-01 23:17,1,1,305,1
2017-01-01 23:17,1,2,303,1
2017-01-01 23:17,1,3,304,1
2017-01-01 23:18,1,1,303,1
2017-01-01 23:18,1,2,304,1
2017-01-01 23:19,1,1,301,1
2017-01-01 23:19,1,2,303,1
2017-01-01 23:19,1,3,302,2
2017-01-01 23:20,1,1,304,1
2017-01-01 23:20,1,2,304,1
2017-01-01 23:20,1,3,300,1
2017-01-01 23:21,1,1,300,1
2017-01-01 23:21,1,2,301,1
2017-01-01 23:21,1,3,302,1
2017-01-01 23:22,1,2,300,1
2017-01-01 23:23,1,1,305,2
2017-01-01 23:23,1,2,305,1
2017-01-01 23:23,1,3,303,2
2017-01-01 23:24,1,1,303,1
2017-01-01 23:24,1,3,300,1
2017-01-01 23:25,1,1,302,1
2017-01-01 23:25,1,2,302,2
2017-01-01 23:25,1,3,303,1
2017-01-01 23:26,1,1,300,1
2017-01-01 23:26,1,2,304,1
2017-01-01 23:27,1,1,302,1
2017-01-01 23:27,1,2,305,1
2017-01-01 23:27,1,3,301,2
2017-01-01 23:28,1,1,300,1
2017-01-01 23:28,1,3,302,1
2017-01-01 23:29,1,1,304,1
2017-01-01 23:29,1,2,303,2
2017-01-01 23:29,1,3,301,1
2017-01-01 23:30,1,1,305,1
2017-01-01 23:30,1,2,304,1
2017-01-01 23:31,1,1,304,1
2017-01-01 23:31,1,2,305,1
2017-01-01 23:31,1,3,304,2
2017-01-01 23:32,1,1,303,1
2017-01-01 23:32,1,2,304,1
2017-01-01 23:32,1,3,301,1
2017-01-01 23:33,1,1,304,1
2017-01-01 23:33,1,2,302,1
2017-01-01 23:33,1,3,300,1
2017-01-01 23:34,1,2,301,1
2017-01-01 23:34,1,3,301,1
2017-01-01 23:35,1,1,303,2
2017-01-01 23:35,1,2,300,1
2017-01-01 23:36,1,1,305,1
2017-01-01 23:36,1,2,302,1
2017-01-01 23:36,1,3,303,2
2017-01-01 23:37,1,1,304,1
2017-01-01 23:37,1,2,305,1
2017-01-01 23:37,1,3,304,1
2017-01-01 23:38,1,1,302,1
2017-01-01 23:38,1,2,301,1
2017-01-01 23:38,1,3,303,1
2017-01-01 23:39,1,1,304,1
2017-01-01 23:39,1,2,303,1
2017-01-01 23:39,1,3,305,1
2017-01-01 23:40,1,1,302,1
2017-01-01 23:40,1,2,300,1
2017-01-01 23:41,1,1,305,1
2017-01-01 23:41,1,3,300,2
2017-01-01 23:42,1,1,304,1
2017-01-01 23:42,1,2,301,2
2017-01-01 23:42,1,3,305,1
2017-01-01 23:43,1,1,303,1
2017-01-01 23:43,1,2,305,1
2017-01-01 23:43,1,3,301,1
2017-01-01 23:44,1,1,305,1
2017-01-01 23:44,1,2,303,1
2017-01-01 23:44,1,3,305,1
2017-01-01 23:45,1,1,300,1
2017-01-01 23:45,1,2,301,1
2017-01-01 23:45,1,3,304,1
2017-01-01 23:46,1,1,301,1
2017-01-01 23:46,1,2,303,1
2017-01-01 23:46,1,3,305,1
2017-01-01 23:47,1,2,304,1
2017-01-01 23:48,1,1,304,2
2017-01-01 23:48,1,2,303,1
2017-01-01 23:48,1,3,301,2
2017-01-01 23:49,1,1,303,1
2017-01-01 23:49,1,2,305,1
2017-01-01 23:49,1,3,300,1
2017-01-01 23:50,1,1,301,1
2017-01-01 23:50,1,3,303,1
2017-01-01 23:51,1,1,300,1
2017-01-01 23:51,1,2,302,2
2017-01-01 23:52,1,2,304,1
2017-01-01 23:52,1,3,304,2
2017-01-01 23:53,1,1,301,2
2017-01-01 23:53,1,2,301,1
2017-01-01 23:53,1,3,303,1
2017-01-01 23:54,1,1,304,1
2017-01-01 23:54,1,2,302,1
2017-01-01 23:54,1,3,304,1
2017-01-01 23:55,1,1,303,1
2017-01-01 23:55,1,2,305,1
2017-01-01 23:56,1,1,304,1
2017-01-01 23:56,1,2,301,1
2017-01-01 23:56,1,3,300,2
2017-01-01 23:57,1,1,301,1
2017-01-01 23:57,1,2,305,1
2017-01-01 23:58,1,1,300,1
2017-01-01 23:58,1,2,304,1
2017-01-01 23:58,1,3,304,2
2017-01-01 23:59,1,1,303,1
2017-01-01 23:59,1,2,303,1
2017-01-01 23:59,1,3,300,1